price,eventId,email,used
203.03,2b54b43c-5912-4460-83bc-b8305f54fa4c,sbavindv@mit.edu,1
208.94,30fbe666-6921-405c-91f2-2f79c9d93dbf,lmckuecq@alexa.com,0
234.46,9902218d-7617-4425-9f39-251f2fd4b286,lkidwellb6@mashable.com,0
177.41,e9fb7f62-e3b6-4478-af43-afe57270e563,bcarrellp7@jalbum.net,0
154.06,3240b479-c41e-455c-93e4-2dbb91f2eee9,jdecleencz@addthis.com,1
132.4,c14f055c-1158-4dea-b315-9f72e292e553,kthorntondewhirsto0@ox.ac.uk,0
157.76,ffe4754e-3bc3-46ba-9a1a-db596a9bc902,asainter53@digg.com,1
57.93,18635946-5aab-4063-9931-de2a197e9288,cfourcadeky@slashdot.org,0
211.28,18635946-5aab-4063-9931-de2a197e9288,dlathwelllq@census.gov,0
179.89,6b342fc2-965f-44c1-b7fe-535f0a9ff99c,khucknallaz@github.com,0
86.79,30fbe666-6921-405c-91f2-2f79c9d93dbf,pscaplehornli@springer.com,0
52.86,7051cfe9-fa37-4891-a9cf-416951ef4889,lsudyi@independent.co.uk,1
111.31,aa9f8fac-8bcb-463d-9539-7cc9198fb240,lmckuecq@alexa.com,0
123.11,4b325660-563e-49c7-923c-2e5e8fcc675a,pshelliday1d@webs.com,1
18.12,aa9f8fac-8bcb-463d-9539-7cc9198fb240,callchorn9q@guardian.co.uk,0
98.26,b7d451e4-11e3-4a1f-b669-3b6eed2fc37b,cbeloed0@sitemeter.com,1
97.35,321fa0b1-ff06-4c11-9bb2-92fda3449f9d,wdaltreymp@xrea.com,1
77.6,7051cfe9-fa37-4891-a9cf-416951ef4889,hboribal6d@de.vu,0
61.99,b78ca874-c12a-467f-9b5a-4f2d8f040102,dheight1i@msn.com,1
41.36,8998b4fa-0829-4ded-9171-3e698a586a2f,nbeckhamrc@oaic.gov.au,0
147.56,f0e3a24a-d2a1-4a9b-b30d-d5aa1898631c,cshildrakegl@issuu.com,0
68.68,2ca1576b-ffd1-47a6-836c-74227b01031c,ssunockc4@prlog.org,1
241.49,f0e3a24a-d2a1-4a9b-b30d-d5aa1898631c,htrenholme4z@hostgator.com,1
89.29,8998b4fa-0829-4ded-9171-3e698a586a2f,gbrambillpe@godaddy.com,0
52.05,5ab8f0ba-cfc7-41fe-8ac2-e6ba8f098240,afullbrookhh@slideshare.net,1
180.87,3246a76d-7713-4fbc-aaf4-2f1646b5bc04,cwinfreykr@ask.com,0
245.95,2efb48c1-a994-4500-b5fd-7d3ba2f4a74d,mbackennh@globo.com,1
174.06,321fa0b1-ff06-4c11-9bb2-92fda3449f9d,kcorran5u@microsoft.com,1
176.85,3240b479-c41e-455c-93e4-2dbb91f2eee9,dcordsey@slashdot.org,1
132.12,5ab8f0ba-cfc7-41fe-8ac2-e6ba8f098240,dgoggin9s@smh.com.au,0
146.68,321fa0b1-ff06-4c11-9bb2-92fda3449f9d,rsimmsot@xinhuanet.com,0
38,a8c85ab9-0298-49db-b893-f0089bf63cca,njobbinsb1@apple.com,0
22.83,c190481d-87b9-4fbd-b21a-2c47ec1f7c15,mtopp1@harvard.edu,0
210.28,0a47b1cd-c765-40e0-9402-ce6322641723,vtunniclissedc@bigcartel.com,0
157.28,b7d451e4-11e3-4a1f-b669-3b6eed2fc37b,jbridgenscl@ftc.gov,0
242.66,f7f7d549-692c-452b-91ec-54b538122c5d,mlandsboroughnc@whitehouse.gov,1
127.73,edfe7c88-379b-40fe-8b76-5d54f760004b,mbothen6c@cdbaby.com,0
105.61,9902218d-7617-4425-9f39-251f2fd4b286,whearonb7@eepurl.com,0
101.27,ffe4754e-3bc3-46ba-9a1a-db596a9bc902,ateresihx@unicef.org,0
235.24,f337a02f-e038-4084-85be-12a640e1b1cc,jfothergilla7@comsenz.com,1
15.37,56869ea5-6c9d-467a-a148-b10f12ecccb5,molagene8k@ehow.com,1
156.68,f0e3a24a-d2a1-4a9b-b30d-d5aa1898631c,hgrigoriji@chron.com,0
199.98,2ca1576b-ffd1-47a6-836c-74227b01031c,rtollerton36@desdev.cn,1
181.66,aa9f8fac-8bcb-463d-9539-7cc9198fb240,mtopp1@harvard.edu,1
77.02,7051cfe9-fa37-4891-a9cf-416951ef4889,btabb3f@friendfeed.com,1
233.91,2b54b43c-5912-4460-83bc-b8305f54fa4c,jredholesqw@hp.com,1
247.56,18635946-5aab-4063-9931-de2a197e9288,cspilisy5n@mediafire.com,0
35.68,370f51de-27ff-4023-94b0-238ee3986b37,abenthamd@t-online.de,0
95.83,8467f192-1ca0-4508-95d9-58127f7a0325,ajoselevitch2c@amazon.com,1
233.88,2b54b43c-5912-4460-83bc-b8305f54fa4c,ndanielot9p@yahoo.com,1
86.5,3c55cd23-fe6c-43fa-8846-0df6fab8b674,rcanland6q@apache.org,1
197.32,7051cfe9-fa37-4891-a9cf-416951ef4889,udunbabindo@facebook.com,0
191.56,f7f7d549-692c-452b-91ec-54b538122c5d,darentscs@mayoclinic.com,0
141.89,e9fb7f62-e3b6-4478-af43-afe57270e563,bbockmasterj3@github.com,1
146.03,3246a76d-7713-4fbc-aaf4-2f1646b5bc04,wphilipmt@prweb.com,0
19.84,ba6e6977-8a31-4ae5-9215-892c86408b8c,etallantqo@yolasite.com,1
166.6,56869ea5-6c9d-467a-a148-b10f12ecccb5,rbrisoe@dailymotion.com,1
61.68,9902218d-7617-4425-9f39-251f2fd4b286,wlillemanct@i2i.jp,1
21.89,4b325660-563e-49c7-923c-2e5e8fcc675a,pcutresshj@examiner.com,0
153.38,3240b479-c41e-455c-93e4-2dbb91f2eee9,lcamamilebc@ning.com,1
92.54,2b54b43c-5912-4460-83bc-b8305f54fa4c,ifarnindp@rambler.ru,0
122.66,a8c85ab9-0298-49db-b893-f0089bf63cca,jbadinirq@chicagotribune.com,0
229.53,321fa0b1-ff06-4c11-9bb2-92fda3449f9d,cbesnardeaupi@independent.co.uk,0
142.35,d2b46f77-eeb2-4ffe-9b52-6a0d54bf08a2,rsehorschi2@independent.co.uk,1
74.76,f7f7d549-692c-452b-91ec-54b538122c5d,orevel66@shop-pro.jp,0
168.23,ec4532f7-d0bb-4958-b0ee-28039fc02701,cmacailinehr@phpbb.com,1
207.95,ffe4754e-3bc3-46ba-9a1a-db596a9bc902,hgrigoriji@chron.com,1
76.09,30dd10ec-8a0a-4569-b767-9952491c220d,ywinslow7c@wsj.com,1
147.3,655f6f48-5a84-41e6-a6e2-ea0214ea5af3,tballayit@baidu.com,1
77.66,c190481d-87b9-4fbd-b21a-2c47ec1f7c15,etwinboroughjj@canalblog.com,1
167.15,2b54b43c-5912-4460-83bc-b8305f54fa4c,dathy84@wiley.com,1
175.42,25edd624-0be7-43b2-9f49-34c2fad801fe,jfothergilla7@comsenz.com,0
161.04,edfe7c88-379b-40fe-8b76-5d54f760004b,ebywaterbo@dailymail.co.uk,1
56.23,b78ca874-c12a-467f-9b5a-4f2d8f040102,rleighton7g@imdb.com,0
136.88,37425339-2106-433c-bcee-5b52801343a8,fmorphew20@cyberchimps.com,1
185.21,4b325660-563e-49c7-923c-2e5e8fcc675a,fwoolesls@de.vu,0
188.52,452b7d7e-1960-48ac-9b1b-7b4562154d29,awollers8w@about.com,1
57.5,edfe7c88-379b-40fe-8b76-5d54f760004b,orevel66@shop-pro.jp,0
225,6b342fc2-965f-44c1-b7fe-535f0a9ff99c,pgippfy@etsy.com,0
58.87,30fbe666-6921-405c-91f2-2f79c9d93dbf,vphilpotsdz@163.com,0
154.05,56869ea5-6c9d-467a-a148-b10f12ecccb5,epollene3@clickbank.net,1
123.16,56869ea5-6c9d-467a-a148-b10f12ecccb5,fwoolesls@de.vu,1
15.53,6b342fc2-965f-44c1-b7fe-535f0a9ff99c,rbuchanlt@csmonitor.com,0
11.17,f7f7d549-692c-452b-91ec-54b538122c5d,fterry33@webnode.com,0
22.73,2ca1576b-ffd1-47a6-836c-74227b01031c,amulreana5@histats.com,1
171.75,a4d0900c-cd8c-4bce-b2a5-32bc57f1ae48,tnoddlesop@hubpages.com,1
15.58,a4d0900c-cd8c-4bce-b2a5-32bc57f1ae48,bbiltonqy@nature.com,1
35.25,f7f7d549-692c-452b-91ec-54b538122c5d,nbalstonjl@sohu.com,1
104.89,f337a02f-e038-4084-85be-12a640e1b1cc,mbinley55@dot.gov,1
159.42,37425339-2106-433c-bcee-5b52801343a8,ffairbankor@berkeley.edu,0
206.74,e9fb7f62-e3b6-4478-af43-afe57270e563,tskeath9t@gizmodo.com,1
72.13,b78ca874-c12a-467f-9b5a-4f2d8f040102,lriedele5@ebay.com,1
238.16,aa9f8fac-8bcb-463d-9539-7cc9198fb240,ssackur9b@github.com,0
140.72,18635946-5aab-4063-9931-de2a197e9288,cfourcadeky@slashdot.org,1
229.92,37425339-2106-433c-bcee-5b52801343a8,hmeechanpv@tmall.com,1
69.32,afd9ec4a-7c54-4b07-8107-778454060685,mmccaughangv@edublogs.org,1
191.88,3240b479-c41e-455c-93e4-2dbb91f2eee9,lferrandezl9@alibaba.com,1
248.3,370f51de-27ff-4023-94b0-238ee3986b37,sclemoesb2@freewebs.com,0
249.93,2efb48c1-a994-4500-b5fd-7d3ba2f4a74d,cspowage2f@census.gov,0
61.37,3246a76d-7713-4fbc-aaf4-2f1646b5bc04,fredhead7z@home.pl,0
232.06,af021c41-adb2-48c1-8e8f-a47d305d7bcf,mfuke24@sourceforge.net,1
183.43,655f6f48-5a84-41e6-a6e2-ea0214ea5af3,bshirtcliffeo8@alexa.com,1
221.02,edfe7c88-379b-40fe-8b76-5d54f760004b,tellissenog@usda.gov,0
32.55,8467f192-1ca0-4508-95d9-58127f7a0325,fbosomworth4w@nba.com,1
65.4,452b7d7e-1960-48ac-9b1b-7b4562154d29,ablanshard63@ow.ly,0
82.49,9e0dd689-24bd-48dd-a87a-cd1a9f5944d3,ronthank56@examiner.com,0
189.56,25edd624-0be7-43b2-9f49-34c2fad801fe,gkobsch46@go.com,0
91.17,c190481d-87b9-4fbd-b21a-2c47ec1f7c15,abenthamd@t-online.de,1
141.92,d1eca5ea-5da6-47f1-9922-bcb34d7dcb61,cdarnell7n@google.ca,0
71.31,b7d451e4-11e3-4a1f-b669-3b6eed2fc37b,rbrisoe@dailymotion.com,1
193.56,c190481d-87b9-4fbd-b21a-2c47ec1f7c15,ssherebrookems@go.com,1
41.93,a8c85ab9-0298-49db-b893-f0089bf63cca,jgreaterex7y@cornell.edu,0
12.28,0912b3bd-ece8-4d38-adbe-6b51e7ab6fc8,rjoanaudou@bloomberg.com,0
160.98,3240b479-c41e-455c-93e4-2dbb91f2eee9,osemainejv@princeton.edu,0
53,b78ca874-c12a-467f-9b5a-4f2d8f040102,opidgeoncb@time.com,0
197.35,0912b3bd-ece8-4d38-adbe-6b51e7ab6fc8,gansill5y@biglobe.ne.jp,1
205.49,2ca1576b-ffd1-47a6-836c-74227b01031c,acasinimf@about.me,0
129.45,2b54b43c-5912-4460-83bc-b8305f54fa4c,wmattockjg@theguardian.com,1
49.69,afd9ec4a-7c54-4b07-8107-778454060685,kadrianello77@privacy.gov.au,0
240.25,edfe7c88-379b-40fe-8b76-5d54f760004b,fgiacoppolin6@indiatimes.com,1
94.78,9902218d-7617-4425-9f39-251f2fd4b286,tstorrorfs@canalblog.com,0
52.41,8998b4fa-0829-4ded-9171-3e698a586a2f,bhulburdnq@digg.com,1
212.96,c14f055c-1158-4dea-b315-9f72e292e553,aridolfi9j@delicious.com,0
215.27,30dd10ec-8a0a-4569-b767-9952491c220d,vmilberryan@deviantart.com,0
52.34,ba6e6977-8a31-4ae5-9215-892c86408b8c,rsherwilljz@opensource.org,1
187.24,56869ea5-6c9d-467a-a148-b10f12ecccb5,rfeareyfq@prlog.org,1
57.38,30fbe666-6921-405c-91f2-2f79c9d93dbf,jbraganza6t@businessinsider.com,1
80.3,25edd624-0be7-43b2-9f49-34c2fad801fe,bbriteeku@businessinsider.com,1
83.07,8998b4fa-0829-4ded-9171-3e698a586a2f,ajoselevitch2c@amazon.com,0
210.9,7051cfe9-fa37-4891-a9cf-416951ef4889,fredhead7z@home.pl,0
55.52,2efb48c1-a994-4500-b5fd-7d3ba2f4a74d,dburkinpy@shareasale.com,0
192.78,61004f5a-1686-4bfa-8cf9-7f896463f114,fburtwistle7u@liveinternet.ru,1
194.03,b7d451e4-11e3-4a1f-b669-3b6eed2fc37b,fgowanlockf4@qq.com,0
212.2,af021c41-adb2-48c1-8e8f-a47d305d7bcf,tgreatorexmk@joomla.org,1
172.55,b7d451e4-11e3-4a1f-b669-3b6eed2fc37b,dbernardeau8@ifeng.com,1
45.9,6b342fc2-965f-44c1-b7fe-535f0a9ff99c,iguirardiny@uiuc.edu,0
130.72,3c55cd23-fe6c-43fa-8846-0df6fab8b674,gbuller21@fastcompany.com,0
20.05,30fbe666-6921-405c-91f2-2f79c9d93dbf,sheardmanpf@nydailynews.com,0
42.44,4b325660-563e-49c7-923c-2e5e8fcc675a,scodrington61@cdc.gov,0
143.62,af021c41-adb2-48c1-8e8f-a47d305d7bcf,rbickc9@sitemeter.com,1
127.42,aa9f8fac-8bcb-463d-9539-7cc9198fb240,frolingsonam@indiatimes.com,0
229.28,ffe4754e-3bc3-46ba-9a1a-db596a9bc902,ataftmg@technorati.com,0
181.49,e9fb7f62-e3b6-4478-af43-afe57270e563,dlevisoncu@netscape.com,0
62.08,aa9f8fac-8bcb-463d-9539-7cc9198fb240,cpleavinj6@miitbeian.gov.cn,1
215.56,2b54b43c-5912-4460-83bc-b8305f54fa4c,dcantwellf3@posterous.com,0
69.44,6b342fc2-965f-44c1-b7fe-535f0a9ff99c,rtilliardsp2@mail.ru,1
207.15,aa9f8fac-8bcb-463d-9539-7cc9198fb240,rlowdhamoj@pbs.org,1
107.6,2b54b43c-5912-4460-83bc-b8305f54fa4c,yropartznl@stumbleupon.com,0
223.06,2ca1576b-ffd1-47a6-836c-74227b01031c,emcardm3@chronoengine.com,0
238.71,d2b46f77-eeb2-4ffe-9b52-6a0d54bf08a2,ltonbridge9e@businessinsider.com,1
34.77,321fa0b1-ff06-4c11-9bb2-92fda3449f9d,bmaccardoa@about.me,0
61.32,3246a76d-7713-4fbc-aaf4-2f1646b5bc04,barkcollcn@last.fm,1
135.01,afd9ec4a-7c54-4b07-8107-778454060685,udunbabindo@facebook.com,1
29.17,af021c41-adb2-48c1-8e8f-a47d305d7bcf,jdwirei5@intel.com,0
240.78,8998b4fa-0829-4ded-9171-3e698a586a2f,ggrendon75@timesonline.co.uk,0
149.68,4b325660-563e-49c7-923c-2e5e8fcc675a,ericardotho@naver.com,0
138.05,afd9ec4a-7c54-4b07-8107-778454060685,forriss2d@scribd.com,1
44.54,ec4532f7-d0bb-4958-b0ee-28039fc02701,lkidwellb6@mashable.com,1
10.35,ec4532f7-d0bb-4958-b0ee-28039fc02701,pkelwicklg@hp.com,1
151.18,5ab8f0ba-cfc7-41fe-8ac2-e6ba8f098240,ppaffettb4@desdev.cn,0
56.59,f7f7d549-692c-452b-91ec-54b538122c5d,cgeharkeq7@freewebs.com,1
24.03,c190481d-87b9-4fbd-b21a-2c47ec1f7c15,hwarykej@google.com.hk,0
107.98,e9fb7f62-e3b6-4478-af43-afe57270e563,gsambeckl6@joomla.org,1
241.8,afd9ec4a-7c54-4b07-8107-778454060685,kbearcock6@elegantthemes.com,0
233.97,0912b3bd-ece8-4d38-adbe-6b51e7ab6fc8,htrenholme4z@hostgator.com,0
67.8,b78ca874-c12a-467f-9b5a-4f2d8f040102,bclifft1c@who.int,1
67.54,ffe4754e-3bc3-46ba-9a1a-db596a9bc902,frosgenok@constantcontact.com,0
204.62,8998b4fa-0829-4ded-9171-3e698a586a2f,mfidgettjd@networksolutions.com,1
158.4,452b7d7e-1960-48ac-9b1b-7b4562154d29,rhancock5a@feedburner.com,1
150.71,d2b46f77-eeb2-4ffe-9b52-6a0d54bf08a2,hkellock9g@reverbnation.com,1
240.17,3246a76d-7713-4fbc-aaf4-2f1646b5bc04,mtunypo@microsoft.com,1
101.47,7051cfe9-fa37-4891-a9cf-416951ef4889,rdiffley35@shareasale.com,0
223.57,9902218d-7617-4425-9f39-251f2fd4b286,klonghurst4a@cbc.ca,1
166.36,61004f5a-1686-4bfa-8cf9-7f896463f114,vniblockfa@chron.com,0
52.85,3246a76d-7713-4fbc-aaf4-2f1646b5bc04,dreddlena@flavors.me,0
120.84,681acacf-eae0-42e6-9003-3fb53407200c,lworgenf@bloomberg.com,0
209.26,2efb48c1-a994-4500-b5fd-7d3ba2f4a74d,dabrahamson3l@instagram.com,1
229.63,2b54b43c-5912-4460-83bc-b8305f54fa4c,tdishman4g@theatlantic.com,1
158.3,18635946-5aab-4063-9931-de2a197e9288,mmasselinfz@huffingtonpost.com,1
37.27,3c55cd23-fe6c-43fa-8846-0df6fab8b674,smckellarac@marriott.com,0
170.01,aa9f8fac-8bcb-463d-9539-7cc9198fb240,lmoiseyaq@addthis.com,0
110.92,f337a02f-e038-4084-85be-12a640e1b1cc,rwhillock6z@sourceforge.net,0
12.91,aa9f8fac-8bcb-463d-9539-7cc9198fb240,bvassman3c@house.gov,1
80.65,ba6e6977-8a31-4ae5-9215-892c86408b8c,mlandsboroughnc@whitehouse.gov,1
168.75,f7f7d549-692c-452b-91ec-54b538122c5d,rinsworthod@theguardian.com,0
217.06,ba6e6977-8a31-4ae5-9215-892c86408b8c,skirwann7@livejournal.com,0
160.87,30fbe666-6921-405c-91f2-2f79c9d93dbf,ehickford6o@earthlink.net,1
157.96,3246a76d-7713-4fbc-aaf4-2f1646b5bc04,tleybane2@examiner.com,1
161.71,0912b3bd-ece8-4d38-adbe-6b51e7ab6fc8,bbriteeku@businessinsider.com,1
89.02,edfe7c88-379b-40fe-8b76-5d54f760004b,gdrengq@acquirethisname.com,0
130.88,681acacf-eae0-42e6-9003-3fb53407200c,jwormleighton7w@nationalgeographic.com,0
234.97,edfe7c88-379b-40fe-8b76-5d54f760004b,cshildrakegl@issuu.com,0
87.12,3246a76d-7713-4fbc-aaf4-2f1646b5bc04,kdigance2v@squidoo.com,0
153.2,3cd6a7e0-f3c4-4bf1-b37b-06590484dea7,sgoldthorpch@google.com.br,0
138.76,30dd10ec-8a0a-4569-b767-9952491c220d,gkobsch46@go.com,0
63.4,0a47b1cd-c765-40e0-9402-ce6322641723,nmattersleydi@4shared.com,0
228.27,18635946-5aab-4063-9931-de2a197e9288,tcarrpd@lycos.com,0
113.81,3240b479-c41e-455c-93e4-2dbb91f2eee9,gbrownhallo7@weebly.com,1
73,655f6f48-5a84-41e6-a6e2-ea0214ea5af3,rbertlox@yahoo.com,0
115.33,2b54b43c-5912-4460-83bc-b8305f54fa4c,vreanep@barnesandnoble.com,1
228.71,ec4532f7-d0bb-4958-b0ee-28039fc02701,lokieer@so-net.ne.jp,1
198.36,37425339-2106-433c-bcee-5b52801343a8,rgosnellhn@booking.com,1
157.42,30dd10ec-8a0a-4569-b767-9952491c220d,gstainlandbp@nbcnews.com,0
199.7,37425339-2106-433c-bcee-5b52801343a8,ifarnindp@rambler.ru,0
126.71,452b7d7e-1960-48ac-9b1b-7b4562154d29,mdallanj0@e-recht24.de,0
229.79,6b342fc2-965f-44c1-b7fe-535f0a9ff99c,sclemoesb2@freewebs.com,1
224.33,702171b8-b547-4e1f-988e-9847a30a48ea,ratwillhc@nhs.uk,1
185.48,9e0dd689-24bd-48dd-a87a-cd1a9f5944d3,cgiroldoh6@sogou.com,1
149.88,edfe7c88-379b-40fe-8b76-5d54f760004b,lgunninghamg6@zdnet.com,1
65.24,2b54b43c-5912-4460-83bc-b8305f54fa4c,gsambeckl6@joomla.org,0
198.81,ec4532f7-d0bb-4958-b0ee-28039fc02701,fdrainsh@fotki.com,0
236.67,655f6f48-5a84-41e6-a6e2-ea0214ea5af3,dduffitgq@hexun.com,1
108.21,7051cfe9-fa37-4891-a9cf-416951ef4889,malbutt9d@baidu.com,1
25.93,c14f055c-1158-4dea-b315-9f72e292e553,aminghibq@exblog.jp,0
27.97,681acacf-eae0-42e6-9003-3fb53407200c,jcrush71@newyorker.com,0
14.45,d2b46f77-eeb2-4ffe-9b52-6a0d54bf08a2,jborrel3j@ow.ly,1
193.35,3cd6a7e0-f3c4-4bf1-b37b-06590484dea7,icockaynerf@omniture.com,0
90.96,f7f7d549-692c-452b-91ec-54b538122c5d,uaxup1p@mlb.com,1
226.02,61004f5a-1686-4bfa-8cf9-7f896463f114,wricardetq0@digg.com,1
157.56,c14f055c-1158-4dea-b315-9f72e292e553,imcgilroyp8@histats.com,1
180.16,6b342fc2-965f-44c1-b7fe-535f0a9ff99c,rragbornelv@yahoo.co.jp,0
227.12,2efb48c1-a994-4500-b5fd-7d3ba2f4a74d,fchaloner8z@aboutads.info,0
33.96,6b342fc2-965f-44c1-b7fe-535f0a9ff99c,jseifenmacher8l@nyu.edu,0
122.47,30dd10ec-8a0a-4569-b767-9952491c220d,jsimoncinirl@phoca.cz,1
73.47,e9fb7f62-e3b6-4478-af43-afe57270e563,scragellc3@comsenz.com,1
16.4,3240b479-c41e-455c-93e4-2dbb91f2eee9,adiggleqt@deviantart.com,0
48.11,cdac42a4-bba6-4827-a68f-9206b0ff3bc8,gcoveyg4@abc.net.au,1
203.95,a4d0900c-cd8c-4bce-b2a5-32bc57f1ae48,cwinthrop73@scientificamerican.com,0
46.02,6b342fc2-965f-44c1-b7fe-535f0a9ff99c,khucknallaz@github.com,1
151.07,6b342fc2-965f-44c1-b7fe-535f0a9ff99c,afeedome74@google.es,0
239.02,d2b46f77-eeb2-4ffe-9b52-6a0d54bf08a2,fmorphew20@cyberchimps.com,1
173.47,702171b8-b547-4e1f-988e-9847a30a48ea,aanespief5@webs.com,0
186.74,5ab8f0ba-cfc7-41fe-8ac2-e6ba8f098240,vniblockfa@chron.com,1
125.15,8467f192-1ca0-4508-95d9-58127f7a0325,selstobnm@domainmarket.com,1
246.1,9902218d-7617-4425-9f39-251f2fd4b286,kmielnik5z@chron.com,0
229.45,af021c41-adb2-48c1-8e8f-a47d305d7bcf,rsummerleeex@statcounter.com,1
51.42,30dd10ec-8a0a-4569-b767-9952491c220d,bbiltonqy@nature.com,0
45.38,e9fb7f62-e3b6-4478-af43-afe57270e563,wstorkes6p@ezinearticles.com,1
129.1,edfe7c88-379b-40fe-8b76-5d54f760004b,kgilbridefd@myspace.com,1
120.92,c14f055c-1158-4dea-b315-9f72e292e553,jborrel3j@ow.ly,0
79,370f51de-27ff-4023-94b0-238ee3986b37,dklouz11@1688.com,1
215.59,30dd10ec-8a0a-4569-b767-9952491c220d,ehonackernt@nps.gov,1
249.94,9902218d-7617-4425-9f39-251f2fd4b286,ddohmsee@sun.com,1
31.25,3c55cd23-fe6c-43fa-8846-0df6fab8b674,fskelhorneml@odnoklassniki.ru,0
143.07,9902218d-7617-4425-9f39-251f2fd4b286,mheretyha@t.co,1
25.11,a8c85ab9-0298-49db-b893-f0089bf63cca,jocurran4d@geocities.jp,1
180.19,3246a76d-7713-4fbc-aaf4-2f1646b5bc04,tmcgurklh@facebook.com,0
179.36,b7d451e4-11e3-4a1f-b669-3b6eed2fc37b,curenr@people.com.cn,0
247.13,61004f5a-1686-4bfa-8cf9-7f896463f114,deylesq9@adobe.com,1
128.45,9902218d-7617-4425-9f39-251f2fd4b286,njobbinsb1@apple.com,0
36,8467f192-1ca0-4508-95d9-58127f7a0325,akillcross4x@cisco.com,0
184.99,afd9ec4a-7c54-4b07-8107-778454060685,jskedge90@ocn.ne.jp,0
105.27,ffe4754e-3bc3-46ba-9a1a-db596a9bc902,ggatmanjy@godaddy.com,1
238.61,f7f7d549-692c-452b-91ec-54b538122c5d,massard3y@nydailynews.com,0
25.87,8998b4fa-0829-4ded-9171-3e698a586a2f,ltimmonscg@theguardian.com,1
16.47,3c55cd23-fe6c-43fa-8846-0df6fab8b674,rjaggar29@cargocollective.com,1
28.19,0912b3bd-ece8-4d38-adbe-6b51e7ab6fc8,r1loveos@reuters.com,0
163.88,3246a76d-7713-4fbc-aaf4-2f1646b5bc04,sbottrillgz@facebook.com,0
211.13,d2b46f77-eeb2-4ffe-9b52-6a0d54bf08a2,ehickford6o@earthlink.net,1
99.77,321fa0b1-ff06-4c11-9bb2-92fda3449f9d,lkidwellb6@mashable.com,0
133.82,7051cfe9-fa37-4891-a9cf-416951ef4889,ahuntingfordgw@mapy.cz,1
237.89,aa9f8fac-8bcb-463d-9539-7cc9198fb240,jspargo3u@sbwire.com,0
24.98,18635946-5aab-4063-9931-de2a197e9288,cyakubov54@cafepress.com,0
238.45,9902218d-7617-4425-9f39-251f2fd4b286,cwhiley4p@squarespace.com,0
61.51,edfe7c88-379b-40fe-8b76-5d54f760004b,oconstantinecv@army.mil,1
213.24,3240b479-c41e-455c-93e4-2dbb91f2eee9,wleap9i@hp.com,0
226.11,8467f192-1ca0-4508-95d9-58127f7a0325,tskeath9t@gizmodo.com,1
50.68,d2b46f77-eeb2-4ffe-9b52-6a0d54bf08a2,rwhillock6z@sourceforge.net,1
128.82,c14f055c-1158-4dea-b315-9f72e292e553,kfolki4@constantcontact.com,0
94.8,f0e3a24a-d2a1-4a9b-b30d-d5aa1898631c,awheeler8a@census.gov,0
44.54,7051cfe9-fa37-4891-a9cf-416951ef4889,csneaker28@1688.com,0
36.29,655f6f48-5a84-41e6-a6e2-ea0214ea5af3,leshlo@networksolutions.com,1
79.91,b7d451e4-11e3-4a1f-b669-3b6eed2fc37b,bbockmasterj3@github.com,0
173.3,ffe4754e-3bc3-46ba-9a1a-db596a9bc902,ehitcham9u@google.pl,0
49.53,a8c85ab9-0298-49db-b893-f0089bf63cca,vniblockfa@chron.com,1
49.21,b78ca874-c12a-467f-9b5a-4f2d8f040102,nbeckhamrc@oaic.gov.au,1
110.44,2efb48c1-a994-4500-b5fd-7d3ba2f4a74d,atremblot2e@kickstarter.com,0
208.6,37425339-2106-433c-bcee-5b52801343a8,ngoldemn@umn.edu,0
30.61,f7f7d549-692c-452b-91ec-54b538122c5d,datyeole@ask.com,1
110.5,702171b8-b547-4e1f-988e-9847a30a48ea,rsimmsot@xinhuanet.com,0
101.01,b7d451e4-11e3-4a1f-b669-3b6eed2fc37b,cgrissett9@senate.gov,0
199.61,8998b4fa-0829-4ded-9171-3e698a586a2f,mcolhoundd@nymag.com,0
239.63,3240b479-c41e-455c-93e4-2dbb91f2eee9,mkrugmannu@elegantthemes.com,1
138.17,a4d0900c-cd8c-4bce-b2a5-32bc57f1ae48,jbadinirq@chicagotribune.com,0
106.62,3246a76d-7713-4fbc-aaf4-2f1646b5bc04,fpakenham4t@pbs.org,0
173.13,3240b479-c41e-455c-93e4-2dbb91f2eee9,efishleeo6@chronoengine.com,1
211.86,681acacf-eae0-42e6-9003-3fb53407200c,ilearf2@bravesites.com,0
177.31,4b325660-563e-49c7-923c-2e5e8fcc675a,jseifenmacher8l@nyu.edu,1
49.94,0a47b1cd-c765-40e0-9402-ce6322641723,cworsfold4i@dedecms.com,1
49.76,2efb48c1-a994-4500-b5fd-7d3ba2f4a74d,jskeggr@dailymotion.com,1
146.98,d2b46f77-eeb2-4ffe-9b52-6a0d54bf08a2,fgall9l@bluehost.com,1
179.64,8467f192-1ca0-4508-95d9-58127f7a0325,spaulusje@desdev.cn,0
148.01,8467f192-1ca0-4508-95d9-58127f7a0325,kgrunnellqa@cmu.edu,1
69.92,0a47b1cd-c765-40e0-9402-ce6322641723,gsambeckl6@joomla.org,0
202.66,681acacf-eae0-42e6-9003-3fb53407200c,akennler81@jiathis.com,0
96.55,3246a76d-7713-4fbc-aaf4-2f1646b5bc04,ariggebj@cnet.com,1
113.99,3246a76d-7713-4fbc-aaf4-2f1646b5bc04,adovercd@ifeng.com,1
209.11,25edd624-0be7-43b2-9f49-34c2fad801fe,crothwellgk@bloglovin.com,1
13.09,0a47b1cd-c765-40e0-9402-ce6322641723,trobertsson1t@acquirethisname.com,0
115.66,edfe7c88-379b-40fe-8b76-5d54f760004b,osmalridgeja@patch.com,1
196.1,56869ea5-6c9d-467a-a148-b10f12ecccb5,pshelliday1d@webs.com,1
21.52,681acacf-eae0-42e6-9003-3fb53407200c,mmccaughangv@edublogs.org,1
10.2,b7d451e4-11e3-4a1f-b669-3b6eed2fc37b,iteresiaj@dion.ne.jp,1
91.25,e9fb7f62-e3b6-4478-af43-afe57270e563,qeyckel9r@ustream.tv,1
166.84,3240b479-c41e-455c-93e4-2dbb91f2eee9,ronthank56@examiner.com,1
28.88,af021c41-adb2-48c1-8e8f-a47d305d7bcf,lyakubovichft@freewebs.com,1
82.05,e9fb7f62-e3b6-4478-af43-afe57270e563,zklosterfw@fastcompany.com,1
109.29,ffe4754e-3bc3-46ba-9a1a-db596a9bc902,filchuk3z@netscape.com,0
53.5,d2b46f77-eeb2-4ffe-9b52-6a0d54bf08a2,hschollingns@huffingtonpost.com,0
12.01,f0e3a24a-d2a1-4a9b-b30d-d5aa1898631c,dtrowillnv@rediff.com,1
12.13,2ca1576b-ffd1-47a6-836c-74227b01031c,cbinford8q@unblog.fr,1
12.47,25edd624-0be7-43b2-9f49-34c2fad801fe,mbothen6c@cdbaby.com,0
215.3,8998b4fa-0829-4ded-9171-3e698a586a2f,wtellenbrooknw@gov.uk,1
154.58,ec4532f7-d0bb-4958-b0ee-28039fc02701,esanson3a@chicagotribune.com,1
12.05,18635946-5aab-4063-9931-de2a197e9288,igahagann@bravesites.com,1
55.74,2ca1576b-ffd1-47a6-836c-74227b01031c,mblestrk@theguardian.com,1
185.05,8998b4fa-0829-4ded-9171-3e698a586a2f,rcanland6q@apache.org,1
188.85,ffe4754e-3bc3-46ba-9a1a-db596a9bc902,bpinnicka9@msu.edu,0
135.91,655f6f48-5a84-41e6-a6e2-ea0214ea5af3,amulreana5@histats.com,1
162.26,c190481d-87b9-4fbd-b21a-2c47ec1f7c15,rsherwilljz@opensource.org,0
16.8,655f6f48-5a84-41e6-a6e2-ea0214ea5af3,lhovarde0@tinyurl.com,1
175.45,3cd6a7e0-f3c4-4bf1-b37b-06590484dea7,elavigneir@dedecms.com,0
205.94,3246a76d-7713-4fbc-aaf4-2f1646b5bc04,ethorlbylp@europa.eu,1
94.69,2b54b43c-5912-4460-83bc-b8305f54fa4c,mlarter8j@comcast.net,1
17.6,370f51de-27ff-4023-94b0-238ee3986b37,dolubydg@tripod.com,1
158.76,25edd624-0be7-43b2-9f49-34c2fad801fe,pgippfy@etsy.com,1
233.08,a4d0900c-cd8c-4bce-b2a5-32bc57f1ae48,ltimmonscg@theguardian.com,0
183.27,2ca1576b-ffd1-47a6-836c-74227b01031c,rhancock5a@feedburner.com,0
141,aa9f8fac-8bcb-463d-9539-7cc9198fb240,dolubydg@tripod.com,1
249.11,0a47b1cd-c765-40e0-9402-ce6322641723,lolivia3x@disqus.com,1
201.98,8998b4fa-0829-4ded-9171-3e698a586a2f,lmoiseyaq@addthis.com,0
190.34,ba6e6977-8a31-4ae5-9215-892c86408b8c,sshoresonez@studiopress.com,1
181.68,30fbe666-6921-405c-91f2-2f79c9d93dbf,mrendalliq@nature.com,1
170.11,af021c41-adb2-48c1-8e8f-a47d305d7bcf,cbesnardeaupi@independent.co.uk,1
59.93,ec4532f7-d0bb-4958-b0ee-28039fc02701,jchurchinmh@bravesites.com,0
59.35,c190481d-87b9-4fbd-b21a-2c47ec1f7c15,rbickc9@sitemeter.com,0
26.99,8998b4fa-0829-4ded-9171-3e698a586a2f,uredleyem@usgs.gov,1
112.82,b7d451e4-11e3-4a1f-b669-3b6eed2fc37b,mhanton1f@imgur.com,0
61.86,7051cfe9-fa37-4891-a9cf-416951ef4889,iskittlefp@feedburner.com,1
83.54,e9fb7f62-e3b6-4478-af43-afe57270e563,lgunninghamg6@zdnet.com,1
104.95,370f51de-27ff-4023-94b0-238ee3986b37,ajursch59@wikipedia.org,1
112.93,3c55cd23-fe6c-43fa-8846-0df6fab8b674,kstarbuckj5@forbes.com,1
111.59,5ab8f0ba-cfc7-41fe-8ac2-e6ba8f098240,rtameay@weather.com,0
72.18,f7f7d549-692c-452b-91ec-54b538122c5d,dpurserjb@ning.com,0
73.53,9e0dd689-24bd-48dd-a87a-cd1a9f5944d3,pkolczynskigx@last.fm,1
71.85,afd9ec4a-7c54-4b07-8107-778454060685,eblondelld1@wordpress.org,0
161.29,a8c85ab9-0298-49db-b893-f0089bf63cca,rcanland6q@apache.org,0
121.55,b7d451e4-11e3-4a1f-b669-3b6eed2fc37b,cbolamlk@yolasite.com,0
227.85,cdac42a4-bba6-4827-a68f-9206b0ff3bc8,crankmorepw@google.cn,0
245.01,aa9f8fac-8bcb-463d-9539-7cc9198fb240,hdurdy9o@ucsd.edu,1
107.46,8467f192-1ca0-4508-95d9-58127f7a0325,hmeechanpv@tmall.com,0
206.07,321fa0b1-ff06-4c11-9bb2-92fda3449f9d,mtoraldhf@army.mil,1
68.11,3cd6a7e0-f3c4-4bf1-b37b-06590484dea7,obanvilleik@php.net,0
56.94,5ab8f0ba-cfc7-41fe-8ac2-e6ba8f098240,alaity31@go.com,1
103.56,0a47b1cd-c765-40e0-9402-ce6322641723,bbiltonqy@nature.com,1
157.01,cdac42a4-bba6-4827-a68f-9206b0ff3bc8,adiggleqt@deviantart.com,1
128.98,f7f7d549-692c-452b-91ec-54b538122c5d,hgays@admin.ch,0
30.13,370f51de-27ff-4023-94b0-238ee3986b37,mfaberqc@sbwire.com,1
26.91,edfe7c88-379b-40fe-8b76-5d54f760004b,rleighton7g@imdb.com,0
209.99,9902218d-7617-4425-9f39-251f2fd4b286,dpryke3v@mysql.com,1
184.23,f7f7d549-692c-452b-91ec-54b538122c5d,awheeler8a@census.gov,1
148.91,321fa0b1-ff06-4c11-9bb2-92fda3449f9d,ahuntingfordgw@mapy.cz,0
100.76,ba6e6977-8a31-4ae5-9215-892c86408b8c,dbassilashvilia0@oakley.com,1
248.51,cdac42a4-bba6-4827-a68f-9206b0ff3bc8,orevel66@shop-pro.jp,0
123.15,321fa0b1-ff06-4c11-9bb2-92fda3449f9d,swhaymandif@salon.com,0
123.11,30fbe666-6921-405c-91f2-2f79c9d93dbf,mcolhoundd@nymag.com,1
83.58,d2b46f77-eeb2-4ffe-9b52-6a0d54bf08a2,dduffitgq@hexun.com,0
12.83,a8c85ab9-0298-49db-b893-f0089bf63cca,afayneic@bloglovin.com,0
207.12,a8c85ab9-0298-49db-b893-f0089bf63cca,jchurchinmh@bravesites.com,0
139.99,681acacf-eae0-42e6-9003-3fb53407200c,aezzyni@dedecms.com,0
69.95,9e0dd689-24bd-48dd-a87a-cd1a9f5944d3,kandreuzzi2b@cornell.edu,0
97.23,b78ca874-c12a-467f-9b5a-4f2d8f040102,rpuddlef6@flavors.me,1
45.01,61004f5a-1686-4bfa-8cf9-7f896463f114,ffairbankor@berkeley.edu,0
226.55,655f6f48-5a84-41e6-a6e2-ea0214ea5af3,bvizeae@sina.com.cn,1
50.5,370f51de-27ff-4023-94b0-238ee3986b37,ehitcham9u@google.pl,1
110.32,18635946-5aab-4063-9931-de2a197e9288,wjohann91@fc2.com,1
65.81,c190481d-87b9-4fbd-b21a-2c47ec1f7c15,filchuk3z@netscape.com,0
195.3,d2b46f77-eeb2-4ffe-9b52-6a0d54bf08a2,mkeiley5m@edublogs.org,1
243.93,ffe4754e-3bc3-46ba-9a1a-db596a9bc902,progerson6g@imgur.com,1
36.97,b78ca874-c12a-467f-9b5a-4f2d8f040102,lvernallsk@harvard.edu,1
241.58,681acacf-eae0-42e6-9003-3fb53407200c,hexelbyeo@1688.com,1
171.41,ffe4754e-3bc3-46ba-9a1a-db596a9bc902,fgall9l@bluehost.com,0
10.07,30fbe666-6921-405c-91f2-2f79c9d93dbf,dpacquetol@chronoengine.com,1
197.04,d1eca5ea-5da6-47f1-9922-bcb34d7dcb61,hpesticcioiy@weibo.com,0
97.54,edfe7c88-379b-40fe-8b76-5d54f760004b,malbutt9d@baidu.com,0
210.74,5ab8f0ba-cfc7-41fe-8ac2-e6ba8f098240,btrulockke@i2i.jp,1
179.66,25edd624-0be7-43b2-9f49-34c2fad801fe,mbalhatchet65@mlb.com,1
42.19,61004f5a-1686-4bfa-8cf9-7f896463f114,dlayburnl4@e-recht24.de,0
41.13,30dd10ec-8a0a-4569-b767-9952491c220d,cbesnardeaupi@independent.co.uk,0
110.88,370f51de-27ff-4023-94b0-238ee3986b37,ldunbarkg@oakley.com,1
158.09,18635946-5aab-4063-9931-de2a197e9288,mlindeberg67@squarespace.com,1
55.73,a4d0900c-cd8c-4bce-b2a5-32bc57f1ae48,bwoffenden4c@rediff.com,0
70.96,c190481d-87b9-4fbd-b21a-2c47ec1f7c15,rjoanaudou@bloomberg.com,0
188.78,c14f055c-1158-4dea-b315-9f72e292e553,alauret6j@elpais.com,0
232.61,61004f5a-1686-4bfa-8cf9-7f896463f114,gkobsch46@go.com,0
182.78,af021c41-adb2-48c1-8e8f-a47d305d7bcf,ctimoney26@phpbb.com,1
118.25,3246a76d-7713-4fbc-aaf4-2f1646b5bc04,sosbidstonob@gravatar.com,1
128.75,321fa0b1-ff06-4c11-9bb2-92fda3449f9d,etreweekpx@netvibes.com,1
84.9,2b54b43c-5912-4460-83bc-b8305f54fa4c,hkellock9g@reverbnation.com,0
114.04,f337a02f-e038-4084-85be-12a640e1b1cc,mbirbeckiv@blogger.com,0
104.14,d2b46f77-eeb2-4ffe-9b52-6a0d54bf08a2,fpigne1s@moonfruit.com,0
102.22,edfe7c88-379b-40fe-8b76-5d54f760004b,fpeile1v@latimes.com,0
29.74,6b342fc2-965f-44c1-b7fe-535f0a9ff99c,klinsayl@studiopress.com,1
217.47,b78ca874-c12a-467f-9b5a-4f2d8f040102,lstebbingsgh@thetimes.co.uk,0
75.4,f7f7d549-692c-452b-91ec-54b538122c5d,bmurrayc@imdb.com,0
77.14,edfe7c88-379b-40fe-8b76-5d54f760004b,ataftmg@technorati.com,1
102.05,37425339-2106-433c-bcee-5b52801343a8,rbilbeeom@toplist.cz,1
47.38,a4d0900c-cd8c-4bce-b2a5-32bc57f1ae48,tmacdonellgb@edublogs.org,1
221.17,702171b8-b547-4e1f-988e-9847a30a48ea,bgrainas@harvard.edu,1
176.66,681acacf-eae0-42e6-9003-3fb53407200c,rbickc9@sitemeter.com,0
44.92,0912b3bd-ece8-4d38-adbe-6b51e7ab6fc8,lkernaghanaj@bloglines.com,1
218.02,afd9ec4a-7c54-4b07-8107-778454060685,gmeers38@plala.or.jp,1
75.76,452b7d7e-1960-48ac-9b1b-7b4562154d29,wwindle4o@trellian.com,0
154.2,25edd624-0be7-43b2-9f49-34c2fad801fe,dmozzinig7@technorati.com,0
212.49,702171b8-b547-4e1f-988e-9847a30a48ea,jgarmstonx@bbb.org,1
82.38,702171b8-b547-4e1f-988e-9847a30a48ea,ndunthorn2j@umich.edu,1
93.19,c190481d-87b9-4fbd-b21a-2c47ec1f7c15,ggatmanjy@godaddy.com,0
150.3,d1eca5ea-5da6-47f1-9922-bcb34d7dcb61,bgrainas@harvard.edu,0
158.27,6b342fc2-965f-44c1-b7fe-535f0a9ff99c,smansford22@w3.org,1
223.16,30fbe666-6921-405c-91f2-2f79c9d93dbf,hbattison58@behance.net,1
60.62,ffe4754e-3bc3-46ba-9a1a-db596a9bc902,gconcannonk9@about.com,1
219.14,ba6e6977-8a31-4ae5-9215-892c86408b8c,oconstantinecv@army.mil,0
61.79,2efb48c1-a994-4500-b5fd-7d3ba2f4a74d,jbridgenscl@ftc.gov,1
113.58,61004f5a-1686-4bfa-8cf9-7f896463f114,gpharoahmw@ft.com,0
118.45,2ca1576b-ffd1-47a6-836c-74227b01031c,etwinboroughjj@canalblog.com,0
59.53,f7f7d549-692c-452b-91ec-54b538122c5d,emerancr@europa.eu,0
217.45,ba6e6977-8a31-4ae5-9215-892c86408b8c,gscotlandra@twitpic.com,1
80.58,8998b4fa-0829-4ded-9171-3e698a586a2f,mlindsell2@dailymail.co.uk,1
115.26,a8c85ab9-0298-49db-b893-f0089bf63cca,bseelps@abc.net.au,1
182.2,30dd10ec-8a0a-4569-b767-9952491c220d,abanister7l@mtv.com,0
130.23,61004f5a-1686-4bfa-8cf9-7f896463f114,ekiralyg5@soup.io,1
241.84,25edd624-0be7-43b2-9f49-34c2fad801fe,ekoppke16@pagesperso-orange.fr,0
103.12,30fbe666-6921-405c-91f2-2f79c9d93dbf,fgreensted7@princeton.edu,1
199.44,3c55cd23-fe6c-43fa-8846-0df6fab8b674,phanny32@netvibes.com,1
205.77,3246a76d-7713-4fbc-aaf4-2f1646b5bc04,bcarrellp7@jalbum.net,0
28.04,a4d0900c-cd8c-4bce-b2a5-32bc57f1ae48,bmossef@mapy.cz,0
146.78,3240b479-c41e-455c-93e4-2dbb91f2eee9,vphilpotsdz@163.com,0
210.08,afd9ec4a-7c54-4b07-8107-778454060685,lokieer@so-net.ne.jp,1
183.9,d1eca5ea-5da6-47f1-9922-bcb34d7dcb61,zklosterfw@fastcompany.com,1
13,af021c41-adb2-48c1-8e8f-a47d305d7bcf,tfechnieh3@smugmug.com,0
87.16,aa9f8fac-8bcb-463d-9539-7cc9198fb240,cministerhz@squarespace.com,1
119.56,f0e3a24a-d2a1-4a9b-b30d-d5aa1898631c,npoytres49@google.com.hk,0
79.72,370f51de-27ff-4023-94b0-238ee3986b37,dbassilashvilia0@oakley.com,1
124.03,8467f192-1ca0-4508-95d9-58127f7a0325,cstraw8o@nytimes.com,0
100.41,0a47b1cd-c765-40e0-9402-ce6322641723,lsudyi@independent.co.uk,1
238.89,c14f055c-1158-4dea-b315-9f72e292e553,ajursch59@wikipedia.org,1
63.11,3246a76d-7713-4fbc-aaf4-2f1646b5bc04,hdicksqf@chron.com,1
149.27,3c55cd23-fe6c-43fa-8846-0df6fab8b674,dathy84@wiley.com,0
217.68,8998b4fa-0829-4ded-9171-3e698a586a2f,ndanielot9p@yahoo.com,1
99.22,3246a76d-7713-4fbc-aaf4-2f1646b5bc04,nbalstonjl@sohu.com,1
23.05,2efb48c1-a994-4500-b5fd-7d3ba2f4a74d,rbuchanlt@csmonitor.com,1
127.84,5ab8f0ba-cfc7-41fe-8ac2-e6ba8f098240,uaxup1p@mlb.com,1
188.82,8998b4fa-0829-4ded-9171-3e698a586a2f,elowndesp1@elegantthemes.com,0
67.55,30dd10ec-8a0a-4569-b767-9952491c220d,pholhouseof@wikia.com,0
117.84,b7d451e4-11e3-4a1f-b669-3b6eed2fc37b,vmilberryan@deviantart.com,1
148.1,af021c41-adb2-48c1-8e8f-a47d305d7bcf,sdalglish7k@nsw.gov.au,0
15.41,9e0dd689-24bd-48dd-a87a-cd1a9f5944d3,sdalglish7k@nsw.gov.au,1
48.14,cdac42a4-bba6-4827-a68f-9206b0ff3bc8,lhimsworth8b@netvibes.com,0
158.86,9e0dd689-24bd-48dd-a87a-cd1a9f5944d3,djentzschcj@cnet.com,1
245.44,c14f055c-1158-4dea-b315-9f72e292e553,jdecleencz@addthis.com,0
191.29,3cd6a7e0-f3c4-4bf1-b37b-06590484dea7,ggatmanjy@godaddy.com,0
127.95,b7d451e4-11e3-4a1f-b669-3b6eed2fc37b,datyeole@ask.com,1
107.62,cdac42a4-bba6-4827-a68f-9206b0ff3bc8,kkobierieckiw@japanpost.jp,1
245.39,4b325660-563e-49c7-923c-2e5e8fcc675a,dmastertongj@feedburner.com,1
234.83,d1eca5ea-5da6-47f1-9922-bcb34d7dcb61,bgrainas@harvard.edu,0
23.6,2b54b43c-5912-4460-83bc-b8305f54fa4c,arudolfl7@bloglines.com,0
122.79,ba6e6977-8a31-4ae5-9215-892c86408b8c,wdaltreymp@xrea.com,0
57.26,7051cfe9-fa37-4891-a9cf-416951ef4889,fwheaton4f@marriott.com,1
225.16,452b7d7e-1960-48ac-9b1b-7b4562154d29,tferrynh1@google.com.br,0
220,e9fb7f62-e3b6-4478-af43-afe57270e563,bwoffenden4c@rediff.com,0
169.47,56869ea5-6c9d-467a-a148-b10f12ecccb5,wtellenbrooknw@gov.uk,0
179.9,2b54b43c-5912-4460-83bc-b8305f54fa4c,acastanhon3@independent.co.uk,1
129.11,8467f192-1ca0-4508-95d9-58127f7a0325,jgalbraith4@macromedia.com,1
29.11,2ca1576b-ffd1-47a6-836c-74227b01031c,pjosephyr1@ezinearticles.com,0
24.46,4b325660-563e-49c7-923c-2e5e8fcc675a,jsissotqk@51.la,0
132.21,3246a76d-7713-4fbc-aaf4-2f1646b5bc04,elowndesp1@elegantthemes.com,0
207.5,681acacf-eae0-42e6-9003-3fb53407200c,weverwinf9@wp.com,1
20.92,30fbe666-6921-405c-91f2-2f79c9d93dbf,dbrockway7r@qq.com,1
186,f0e3a24a-d2a1-4a9b-b30d-d5aa1898631c,omaccallammd@yale.edu,0
76.5,b7d451e4-11e3-4a1f-b669-3b6eed2fc37b,cmugggc@vinaora.com,0
211.75,edfe7c88-379b-40fe-8b76-5d54f760004b,cvaynerg@drupal.org,0
30.28,2ca1576b-ffd1-47a6-836c-74227b01031c,tdelouch8g@howstuffworks.com,0
168.85,655f6f48-5a84-41e6-a6e2-ea0214ea5af3,lsudyi@independent.co.uk,0
121.83,18635946-5aab-4063-9931-de2a197e9288,tcarrpd@lycos.com,1
116.7,452b7d7e-1960-48ac-9b1b-7b4562154d29,cshales3@diigo.com,1
235.95,af021c41-adb2-48c1-8e8f-a47d305d7bcf,rbinfieldi6@photobucket.com,1
119.61,655f6f48-5a84-41e6-a6e2-ea0214ea5af3,bhulburdnq@digg.com,1
163.89,5ab8f0ba-cfc7-41fe-8ac2-e6ba8f098240,alonggn@seesaa.net,1
230.45,6b342fc2-965f-44c1-b7fe-535f0a9ff99c,dtofanini83@economist.com,0
77.61,452b7d7e-1960-48ac-9b1b-7b4562154d29,myakunkin9w@bloomberg.com,1
104,7051cfe9-fa37-4891-a9cf-416951ef4889,bfuncheonpz@shinystat.com,0
137.01,0a47b1cd-c765-40e0-9402-ce6322641723,lthuillierqq@histats.com,1
61.49,0a47b1cd-c765-40e0-9402-ce6322641723,lkernerqm@toplist.cz,1
140.75,af021c41-adb2-48c1-8e8f-a47d305d7bcf,rhenrichs4r@eventbrite.com,0
39.38,655f6f48-5a84-41e6-a6e2-ea0214ea5af3,abanister7l@mtv.com,0
94.32,3c55cd23-fe6c-43fa-8846-0df6fab8b674,scaccavalela@ustream.tv,1
87.89,6b342fc2-965f-44c1-b7fe-535f0a9ff99c,alearmonthhk@arstechnica.com,1
160.52,cdac42a4-bba6-4827-a68f-9206b0ff3bc8,ratwillhc@nhs.uk,1
169.12,30fbe666-6921-405c-91f2-2f79c9d93dbf,jdwirei5@intel.com,0
244.06,f337a02f-e038-4084-85be-12a640e1b1cc,sclemoesb2@freewebs.com,0
123.93,8467f192-1ca0-4508-95d9-58127f7a0325,kandreuzzi2b@cornell.edu,1
120.09,9e0dd689-24bd-48dd-a87a-cd1a9f5944d3,aezzyni@dedecms.com,0
193.13,0a47b1cd-c765-40e0-9402-ce6322641723,cdeftymo@twitpic.com,1
93.51,9902218d-7617-4425-9f39-251f2fd4b286,ccaslettdx@zimbio.com,1
118.53,30fbe666-6921-405c-91f2-2f79c9d93dbf,fchaloner8z@aboutads.info,0
118.17,c14f055c-1158-4dea-b315-9f72e292e553,fwoolesls@de.vu,1
224.26,18635946-5aab-4063-9931-de2a197e9288,bclifft1c@who.int,1
32.2,321fa0b1-ff06-4c11-9bb2-92fda3449f9d,lfagg3t@de.vu,0
143.71,b78ca874-c12a-467f-9b5a-4f2d8f040102,jdoiley7f@mit.edu,0
94.04,6b342fc2-965f-44c1-b7fe-535f0a9ff99c,hexelbyeo@1688.com,0
158.15,b7d451e4-11e3-4a1f-b669-3b6eed2fc37b,rdiffley35@shareasale.com,0
55.44,e9fb7f62-e3b6-4478-af43-afe57270e563,sjostim@bing.com,0
215.27,8467f192-1ca0-4508-95d9-58127f7a0325,myakunkin9w@bloomberg.com,1
194.1,30dd10ec-8a0a-4569-b767-9952491c220d,rtameay@weather.com,1
210.85,9e0dd689-24bd-48dd-a87a-cd1a9f5944d3,bjakubowski9y@oaic.gov.au,1
103.5,d1eca5ea-5da6-47f1-9922-bcb34d7dcb61,fcockrelljw@xrea.com,1
149.5,aa9f8fac-8bcb-463d-9539-7cc9198fb240,fsherwood30@webmd.com,0
20.67,9e0dd689-24bd-48dd-a87a-cd1a9f5944d3,lpinkneyoq@is.gd,1
48.7,0a47b1cd-c765-40e0-9402-ce6322641723,fhayward6w@netvibes.com,1
60.55,b78ca874-c12a-467f-9b5a-4f2d8f040102,cbinford8q@unblog.fr,0
232.97,37425339-2106-433c-bcee-5b52801343a8,smckellarac@marriott.com,0
155.21,5ab8f0ba-cfc7-41fe-8ac2-e6ba8f098240,dcaso3o@reddit.com,0
97.37,8467f192-1ca0-4508-95d9-58127f7a0325,belphjs@behance.net,1
225.75,8998b4fa-0829-4ded-9171-3e698a586a2f,rsantellomz@weibo.com,0
212.37,f0e3a24a-d2a1-4a9b-b30d-d5aa1898631c,tfechnieh3@smugmug.com,1
177.49,2ca1576b-ffd1-47a6-836c-74227b01031c,tbalmerrr@mysql.com,1
48.89,30fbe666-6921-405c-91f2-2f79c9d93dbf,aenstonenn@livejournal.com,0
34.59,c190481d-87b9-4fbd-b21a-2c47ec1f7c15,nbaccas6s@google.co.jp,1
93.45,afd9ec4a-7c54-4b07-8107-778454060685,sliverseegeet@t.co,1
119.1,18635946-5aab-4063-9931-de2a197e9288,rdisneyfu@skype.com,1
246.73,9902218d-7617-4425-9f39-251f2fd4b286,crickeard69@domainmarket.com,1
208.58,452b7d7e-1960-48ac-9b1b-7b4562154d29,lmoiseyaq@addthis.com,1
176.26,f7f7d549-692c-452b-91ec-54b538122c5d,dballefant2z@spotify.com,0
117.67,8998b4fa-0829-4ded-9171-3e698a586a2f,gwormellnx@nsw.gov.au,1
162.32,d2b46f77-eeb2-4ffe-9b52-6a0d54bf08a2,mlarter8j@comcast.net,0
233.66,2b54b43c-5912-4460-83bc-b8305f54fa4c,fmorphew20@cyberchimps.com,1
139.86,b7d451e4-11e3-4a1f-b669-3b6eed2fc37b,tommundsen6a@toplist.cz,0
216.25,3cd6a7e0-f3c4-4bf1-b37b-06590484dea7,forriss2d@scribd.com,0
212.98,0912b3bd-ece8-4d38-adbe-6b51e7ab6fc8,dokellehern4@ocn.ne.jp,0
173.64,18635946-5aab-4063-9931-de2a197e9288,rdanneilql@rediff.com,0
103.98,b7d451e4-11e3-4a1f-b669-3b6eed2fc37b,vfardellqe@newyorker.com,1
156.91,25edd624-0be7-43b2-9f49-34c2fad801fe,mhansterkq@cnet.com,1
224.18,2b54b43c-5912-4460-83bc-b8305f54fa4c,icockaynerf@omniture.com,1
239.9,655f6f48-5a84-41e6-a6e2-ea0214ea5af3,r1loveos@reuters.com,1
247.14,a8c85ab9-0298-49db-b893-f0089bf63cca,vmerringi3@altervista.org,0
44.52,2b54b43c-5912-4460-83bc-b8305f54fa4c,lmacailinebl@omniture.com,0
31.45,f7f7d549-692c-452b-91ec-54b538122c5d,adiggleqt@deviantart.com,0
113.78,ffe4754e-3bc3-46ba-9a1a-db596a9bc902,branbyhp@cnn.com,1
11.39,3246a76d-7713-4fbc-aaf4-2f1646b5bc04,abaudeb8@apple.com,0
116.67,702171b8-b547-4e1f-988e-9847a30a48ea,jtschirschky87@cornell.edu,0
198.88,702171b8-b547-4e1f-988e-9847a30a48ea,cbinford8q@unblog.fr,0
174.94,25edd624-0be7-43b2-9f49-34c2fad801fe,crankmorepw@google.cn,0
245.69,25edd624-0be7-43b2-9f49-34c2fad801fe,lbroodfg@livejournal.com,1
127.35,321fa0b1-ff06-4c11-9bb2-92fda3449f9d,cwhiley4p@squarespace.com,0
59.58,3240b479-c41e-455c-93e4-2dbb91f2eee9,kwhitingtonmx@cornell.edu,0
235.01,61004f5a-1686-4bfa-8cf9-7f896463f114,smacpakede@unesco.org,1
55.13,f7f7d549-692c-452b-91ec-54b538122c5d,bsorrell6b@weibo.com,0
158.79,321fa0b1-ff06-4c11-9bb2-92fda3449f9d,mpatiser8@google.cn,0
53.04,ba6e6977-8a31-4ae5-9215-892c86408b8c,rbilbeeom@toplist.cz,1
175.59,0912b3bd-ece8-4d38-adbe-6b51e7ab6fc8,awheeler8a@census.gov,0
130.58,56869ea5-6c9d-467a-a148-b10f12ecccb5,wphilipmt@prweb.com,1
110.69,681acacf-eae0-42e6-9003-3fb53407200c,abellew8s@cnn.com,1
115.69,ffe4754e-3bc3-46ba-9a1a-db596a9bc902,asprouleip@baidu.com,1
190.28,3246a76d-7713-4fbc-aaf4-2f1646b5bc04,nhornbucklejm@wisc.edu,1
239.78,25edd624-0be7-43b2-9f49-34c2fad801fe,fwalrondax@bing.com,1
49.96,9e0dd689-24bd-48dd-a87a-cd1a9f5944d3,lbrewse93@aboutads.info,1
69.34,9e0dd689-24bd-48dd-a87a-cd1a9f5944d3,rcannambv@state.tx.us,0
150.68,4b325660-563e-49c7-923c-2e5e8fcc675a,mstuchberyh5@quantcast.com,0
214.67,2ca1576b-ffd1-47a6-836c-74227b01031c,mlarter8j@comcast.net,1
160.81,8467f192-1ca0-4508-95d9-58127f7a0325,mmacilhargy9x@drupal.org,1
199.29,a4d0900c-cd8c-4bce-b2a5-32bc57f1ae48,sartonnk@aboutads.info,0
38.32,afd9ec4a-7c54-4b07-8107-778454060685,yropartznl@stumbleupon.com,0
219.74,afd9ec4a-7c54-4b07-8107-778454060685,aenstonenn@livejournal.com,0
166.44,b7d451e4-11e3-4a1f-b669-3b6eed2fc37b,lkernerqm@toplist.cz,0
154.76,d2b46f77-eeb2-4ffe-9b52-6a0d54bf08a2,jgreaterex7y@cornell.edu,0
215.04,f337a02f-e038-4084-85be-12a640e1b1cc,kwhitingtonmx@cornell.edu,1
81.98,c190481d-87b9-4fbd-b21a-2c47ec1f7c15,ebenglegu@wsj.com,1
214.34,8998b4fa-0829-4ded-9171-3e698a586a2f,tsollettc8@blogtalkradio.com,0
189.08,321fa0b1-ff06-4c11-9bb2-92fda3449f9d,kwoltonoi@github.io,1
200.26,c14f055c-1158-4dea-b315-9f72e292e553,gdrengq@acquirethisname.com,1
140.74,f7f7d549-692c-452b-91ec-54b538122c5d,mgeaves5h@loc.gov,1
246.46,c190481d-87b9-4fbd-b21a-2c47ec1f7c15,hstrangmanf1@dyndns.org,0
86.55,0912b3bd-ece8-4d38-adbe-6b51e7ab6fc8,mbothen6c@cdbaby.com,1
157.1,af021c41-adb2-48c1-8e8f-a47d305d7bcf,rbilbeeom@toplist.cz,0
194.65,a4d0900c-cd8c-4bce-b2a5-32bc57f1ae48,adovercd@ifeng.com,0
90.49,3c55cd23-fe6c-43fa-8846-0df6fab8b674,cmugggc@vinaora.com,0
221.52,8998b4fa-0829-4ded-9171-3e698a586a2f,adiggleqt@deviantart.com,1
199.83,e9fb7f62-e3b6-4478-af43-afe57270e563,fbosomworth4w@nba.com,0
19.84,b7d451e4-11e3-4a1f-b669-3b6eed2fc37b,osmalridgeja@patch.com,1
62.87,ba6e6977-8a31-4ae5-9215-892c86408b8c,mtopp1@harvard.edu,1
137.29,7051cfe9-fa37-4891-a9cf-416951ef4889,jbeldham47@slideshare.net,0
188.99,7051cfe9-fa37-4891-a9cf-416951ef4889,bpinnicka9@msu.edu,1
144.43,c190481d-87b9-4fbd-b21a-2c47ec1f7c15,wrastrickpc@blogspot.com,0
184.33,a8c85ab9-0298-49db-b893-f0089bf63cca,ralgateg3@skyrock.com,0
186.78,321fa0b1-ff06-4c11-9bb2-92fda3449f9d,glasselleen@mapy.cz,0
169.42,3240b479-c41e-455c-93e4-2dbb91f2eee9,abeigo9@amazon.com,0
97.41,cdac42a4-bba6-4827-a68f-9206b0ff3bc8,tvanderkruijs9c@vinaora.com,1
16.58,3c55cd23-fe6c-43fa-8846-0df6fab8b674,jdecleencz@addthis.com,0
84.96,f0e3a24a-d2a1-4a9b-b30d-d5aa1898631c,dpinnigardq@usatoday.com,0
129.53,ffe4754e-3bc3-46ba-9a1a-db596a9bc902,lmacailinebl@omniture.com,0
63.47,2efb48c1-a994-4500-b5fd-7d3ba2f4a74d,blorimerie@scribd.com,0
151.88,c190481d-87b9-4fbd-b21a-2c47ec1f7c15,bgheorghieih@github.com,1
128.11,18635946-5aab-4063-9931-de2a197e9288,gemburey5t@jalbum.net,0
176,37425339-2106-433c-bcee-5b52801343a8,mbottoner2s@soundcloud.com,1
21.04,3246a76d-7713-4fbc-aaf4-2f1646b5bc04,mhagardoz@fda.gov,0
248.7,702171b8-b547-4e1f-988e-9847a30a48ea,jdevenniecm@hubpages.com,1
60.03,d1eca5ea-5da6-47f1-9922-bcb34d7dcb61,xveltman9v@mlb.com,0
151.55,8467f192-1ca0-4508-95d9-58127f7a0325,scragellc3@comsenz.com,0
127.84,8998b4fa-0829-4ded-9171-3e698a586a2f,kcorran5u@microsoft.com,1
117.72,8998b4fa-0829-4ded-9171-3e698a586a2f,ikubista1o@ovh.net,0
135.34,b78ca874-c12a-467f-9b5a-4f2d8f040102,twackett94@blogspot.com,1
231.17,d1eca5ea-5da6-47f1-9922-bcb34d7dcb61,sjostim@bing.com,1
197.44,ba6e6977-8a31-4ae5-9215-892c86408b8c,ntrelevenj4@pen.io,1
233.21,4b325660-563e-49c7-923c-2e5e8fcc675a,dpacquetol@chronoengine.com,0
20.16,655f6f48-5a84-41e6-a6e2-ea0214ea5af3,mcolhoundd@nymag.com,1
10.27,0a47b1cd-c765-40e0-9402-ce6322641723,rwynnav@quantcast.com,0
163.96,30fbe666-6921-405c-91f2-2f79c9d93dbf,amulreana5@histats.com,0
134.92,a8c85ab9-0298-49db-b893-f0089bf63cca,khulance25@unblog.fr,0
160.62,ba6e6977-8a31-4ae5-9215-892c86408b8c,dwindmill23@google.pl,0
65,702171b8-b547-4e1f-988e-9847a30a48ea,okinceykn@japanpost.jp,0
47.95,aa9f8fac-8bcb-463d-9539-7cc9198fb240,curenr@people.com.cn,1
24.52,c190481d-87b9-4fbd-b21a-2c47ec1f7c15,scragellc3@comsenz.com,1
90.76,9902218d-7617-4425-9f39-251f2fd4b286,bburchettbg@noaa.gov,1
238.68,edfe7c88-379b-40fe-8b76-5d54f760004b,mhanton1f@imgur.com,1
248.53,370f51de-27ff-4023-94b0-238ee3986b37,sshoulder5c@army.mil,1
31.39,e9fb7f62-e3b6-4478-af43-afe57270e563,nbaakece@csmonitor.com,1
185.1,655f6f48-5a84-41e6-a6e2-ea0214ea5af3,kmckeggiehw@ehow.com,0
162.36,9e0dd689-24bd-48dd-a87a-cd1a9f5944d3,fgreensted7@princeton.edu,0
14.38,ffe4754e-3bc3-46ba-9a1a-db596a9bc902,bgheorghieih@github.com,1
144.92,0912b3bd-ece8-4d38-adbe-6b51e7ab6fc8,tgreatorexmk@joomla.org,1
103.45,af021c41-adb2-48c1-8e8f-a47d305d7bcf,njobbinsb1@apple.com,0
177.76,4b325660-563e-49c7-923c-2e5e8fcc675a,ebenglegu@wsj.com,1
166.38,edfe7c88-379b-40fe-8b76-5d54f760004b,progerson6g@imgur.com,1
133.73,d2b46f77-eeb2-4ffe-9b52-6a0d54bf08a2,smansford22@w3.org,0
131.8,370f51de-27ff-4023-94b0-238ee3986b37,grogister6u@microsoft.com,1
144.54,c190481d-87b9-4fbd-b21a-2c47ec1f7c15,qeyckel9r@ustream.tv,0
76.47,37425339-2106-433c-bcee-5b52801343a8,gconcannonk9@about.com,0
33.68,ffe4754e-3bc3-46ba-9a1a-db596a9bc902,jbraganza6t@businessinsider.com,1
125.43,3240b479-c41e-455c-93e4-2dbb91f2eee9,vtunniclissedc@bigcartel.com,0
220.33,af021c41-adb2-48c1-8e8f-a47d305d7bcf,lburstongy@google.ca,0
107.74,18635946-5aab-4063-9931-de2a197e9288,rwynnav@quantcast.com,1
242.46,5ab8f0ba-cfc7-41fe-8ac2-e6ba8f098240,pjosephyr1@ezinearticles.com,1
129.13,ba6e6977-8a31-4ae5-9215-892c86408b8c,mprozescky37@ning.com,0
30.97,afd9ec4a-7c54-4b07-8107-778454060685,alauret6j@elpais.com,1
110.58,30dd10ec-8a0a-4569-b767-9952491c220d,ncriellypq@behance.net,0
66.79,25edd624-0be7-43b2-9f49-34c2fad801fe,emerancr@europa.eu,0
100.37,3246a76d-7713-4fbc-aaf4-2f1646b5bc04,alabrowhg@miitbeian.gov.cn,1
147.09,61004f5a-1686-4bfa-8cf9-7f896463f114,fterry33@webnode.com,1
247.51,d2b46f77-eeb2-4ffe-9b52-6a0d54bf08a2,teldridgem1@freewebs.com,1
63.8,cdac42a4-bba6-4827-a68f-9206b0ff3bc8,jpeyee8@admin.ch,1
138.76,9902218d-7617-4425-9f39-251f2fd4b286,pmcginnyhu@vistaprint.com,1
167.6,25edd624-0be7-43b2-9f49-34c2fad801fe,mfuke24@sourceforge.net,0
71.11,9e0dd689-24bd-48dd-a87a-cd1a9f5944d3,scoggen8e@list-manage.com,1
183.05,370f51de-27ff-4023-94b0-238ee3986b37,yredmilenb@instagram.com,1
73.97,25edd624-0be7-43b2-9f49-34c2fad801fe,srudgleyhb@ucla.edu,1
115.03,f0e3a24a-d2a1-4a9b-b30d-d5aa1898631c,swynrehamein@java.com,0
225.51,8467f192-1ca0-4508-95d9-58127f7a0325,mburrows5e@jimdo.com,1
45.3,18635946-5aab-4063-9931-de2a197e9288,kbrownfieldjp@artisteer.com,0
243.58,c14f055c-1158-4dea-b315-9f72e292e553,dlevisoncu@netscape.com,1
37.62,37425339-2106-433c-bcee-5b52801343a8,lnorwellmb@timesonline.co.uk,1
161,2b54b43c-5912-4460-83bc-b8305f54fa4c,rleighton7g@imdb.com,1
48.83,655f6f48-5a84-41e6-a6e2-ea0214ea5af3,gcornehl3s@squarespace.com,1
79.58,702171b8-b547-4e1f-988e-9847a30a48ea,ekleiskk@elpais.com,1
18.56,0a47b1cd-c765-40e0-9402-ce6322641723,ngoldemn@umn.edu,1
13.65,30fbe666-6921-405c-91f2-2f79c9d93dbf,lriedele5@ebay.com,1
60.25,56869ea5-6c9d-467a-a148-b10f12ecccb5,tbalmerrr@mysql.com,0
161.95,5ab8f0ba-cfc7-41fe-8ac2-e6ba8f098240,ahenrionotjo@tripadvisor.com,0
200.78,452b7d7e-1960-48ac-9b1b-7b4562154d29,gcolleck3h@skyrock.com,1
239.6,f337a02f-e038-4084-85be-12a640e1b1cc,cwhiley4p@squarespace.com,0
181.05,b78ca874-c12a-467f-9b5a-4f2d8f040102,tjaherme@howstuffworks.com,0
35.17,61004f5a-1686-4bfa-8cf9-7f896463f114,krhymesp9@netlog.com,0
200.03,655f6f48-5a84-41e6-a6e2-ea0214ea5af3,pbulteelqr@ameblo.jp,1
208.6,321fa0b1-ff06-4c11-9bb2-92fda3449f9d,sjacquesr0@washington.edu,0
229.93,0a47b1cd-c765-40e0-9402-ce6322641723,ttorreseca@newsvine.com,1
86.36,f337a02f-e038-4084-85be-12a640e1b1cc,tculvey8i@example.com,1
195.51,ffe4754e-3bc3-46ba-9a1a-db596a9bc902,rbickc9@sitemeter.com,1
45.66,321fa0b1-ff06-4c11-9bb2-92fda3449f9d,lfontesfk@cam.ac.uk,0
86.85,18635946-5aab-4063-9931-de2a197e9288,wditter8d@cbc.ca,0
82.68,d1eca5ea-5da6-47f1-9922-bcb34d7dcb61,npeaker6k@dmoz.org,0
91.88,5ab8f0ba-cfc7-41fe-8ac2-e6ba8f098240,bwoffenden4c@rediff.com,0
248.84,f337a02f-e038-4084-85be-12a640e1b1cc,frosgenok@constantcontact.com,0
209.34,f0e3a24a-d2a1-4a9b-b30d-d5aa1898631c,wrastrickpc@blogspot.com,0
187.59,cdac42a4-bba6-4827-a68f-9206b0ff3bc8,vphilpotsdz@163.com,0
243.8,c14f055c-1158-4dea-b315-9f72e292e553,mgillam6e@smugmug.com,1
39.73,b7d451e4-11e3-4a1f-b669-3b6eed2fc37b,tskeath9t@gizmodo.com,1
121.06,a8c85ab9-0298-49db-b893-f0089bf63cca,abirchallm5@adobe.com,1
106.85,e9fb7f62-e3b6-4478-af43-afe57270e563,bjenkscy@ask.com,1
33.64,655f6f48-5a84-41e6-a6e2-ea0214ea5af3,alaity31@go.com,1
44.54,2ca1576b-ffd1-47a6-836c-74227b01031c,kavrahamoffi9@slashdot.org,0
114.8,b78ca874-c12a-467f-9b5a-4f2d8f040102,cselleng8@indiatimes.com,0
244.77,d2b46f77-eeb2-4ffe-9b52-6a0d54bf08a2,jredholesqw@hp.com,0
187.91,ffe4754e-3bc3-46ba-9a1a-db596a9bc902,amachostie7s@nifty.com,0
230.96,2efb48c1-a994-4500-b5fd-7d3ba2f4a74d,dmacgillivrie9h@canalblog.com,1
209.83,d2b46f77-eeb2-4ffe-9b52-6a0d54bf08a2,kgrunnellqa@cmu.edu,1
148.26,2efb48c1-a994-4500-b5fd-7d3ba2f4a74d,rbrisoe@dailymotion.com,1
216.28,30dd10ec-8a0a-4569-b767-9952491c220d,gmaingotmc@cnet.com,1
189.71,b7d451e4-11e3-4a1f-b669-3b6eed2fc37b,msobczako1@webnode.com,1
43.06,37425339-2106-433c-bcee-5b52801343a8,dwadesonbn@nps.gov,0
189.98,3cd6a7e0-f3c4-4bf1-b37b-06590484dea7,ericardotho@naver.com,1
102.08,0a47b1cd-c765-40e0-9402-ce6322641723,hbenzi82@hud.gov,1
223.16,aa9f8fac-8bcb-463d-9539-7cc9198fb240,cchetterew@trellian.com,0
102.59,3c55cd23-fe6c-43fa-8846-0df6fab8b674,hexelbyeo@1688.com,1
201.16,f0e3a24a-d2a1-4a9b-b30d-d5aa1898631c,njobbinsb1@apple.com,1
147.9,8467f192-1ca0-4508-95d9-58127f7a0325,esevillerj@engadget.com,1
174.38,9e0dd689-24bd-48dd-a87a-cd1a9f5944d3,hbattison58@behance.net,1
187.84,452b7d7e-1960-48ac-9b1b-7b4562154d29,bvassman3c@house.gov,1
162.74,8998b4fa-0829-4ded-9171-3e698a586a2f,ngittins1l@stumbleupon.com,0
176.48,702171b8-b547-4e1f-988e-9847a30a48ea,kadams6m@ebay.com,1
174.29,4b325660-563e-49c7-923c-2e5e8fcc675a,ecansdall1x@moonfruit.com,1
143.77,0912b3bd-ece8-4d38-adbe-6b51e7ab6fc8,xsaillqg@t-online.de,1
121.14,8467f192-1ca0-4508-95d9-58127f7a0325,flude8x@csmonitor.com,0
185.32,25edd624-0be7-43b2-9f49-34c2fad801fe,aranfielddl@amazon.com,1
132.03,7051cfe9-fa37-4891-a9cf-416951ef4889,dcutridgepj@about.com,0
188.47,18635946-5aab-4063-9931-de2a197e9288,ehaackqu@mit.edu,0
108.51,702171b8-b547-4e1f-988e-9847a30a48ea,massard3y@nydailynews.com,1
200.74,a4d0900c-cd8c-4bce-b2a5-32bc57f1ae48,dokellehern4@ocn.ne.jp,1
161.95,3cd6a7e0-f3c4-4bf1-b37b-06590484dea7,adaunceyei@psu.edu,1
63.96,702171b8-b547-4e1f-988e-9847a30a48ea,rroutleyn5@printfriendly.com,0
183.08,452b7d7e-1960-48ac-9b1b-7b4562154d29,jredholesqw@hp.com,0
200.8,681acacf-eae0-42e6-9003-3fb53407200c,cshales3@diigo.com,1
94.29,6b342fc2-965f-44c1-b7fe-535f0a9ff99c,crickeard69@domainmarket.com,0
232.09,7051cfe9-fa37-4891-a9cf-416951ef4889,rbrisoe@dailymotion.com,0
172.92,c190481d-87b9-4fbd-b21a-2c47ec1f7c15,wricardetq0@digg.com,1
222.09,30dd10ec-8a0a-4569-b767-9952491c220d,dtoffoletto79@businesswire.com,1
29.47,f7f7d549-692c-452b-91ec-54b538122c5d,fpigne1s@moonfruit.com,0
178.81,b7d451e4-11e3-4a1f-b669-3b6eed2fc37b,lparkeybi@vimeo.com,0
101.86,f7f7d549-692c-452b-91ec-54b538122c5d,rcleifefi@t-online.de,1
134.49,6b342fc2-965f-44c1-b7fe-535f0a9ff99c,kavrahamoffi9@slashdot.org,1
130.53,3c55cd23-fe6c-43fa-8846-0df6fab8b674,dmastertongj@feedburner.com,0
84.64,f337a02f-e038-4084-85be-12a640e1b1cc,aminghibq@exblog.jp,0
41.65,ba6e6977-8a31-4ae5-9215-892c86408b8c,smansford22@w3.org,1
142.74,a4d0900c-cd8c-4bce-b2a5-32bc57f1ae48,alearmonthhk@arstechnica.com,1
103.68,edfe7c88-379b-40fe-8b76-5d54f760004b,sfrosch6f@house.gov,1
87.7,452b7d7e-1960-48ac-9b1b-7b4562154d29,rcanland6q@apache.org,1
67.02,3240b479-c41e-455c-93e4-2dbb91f2eee9,lsudyi@independent.co.uk,0
18.74,3cd6a7e0-f3c4-4bf1-b37b-06590484dea7,lferrandezl9@alibaba.com,1
115.71,0a47b1cd-c765-40e0-9402-ce6322641723,lpashh7@cmu.edu,1
216.18,7051cfe9-fa37-4891-a9cf-416951ef4889,tommundsen6a@toplist.cz,1
191.24,aa9f8fac-8bcb-463d-9539-7cc9198fb240,mbottoner2s@soundcloud.com,0
107.21,321fa0b1-ff06-4c11-9bb2-92fda3449f9d,rsherwilljz@opensource.org,1
240.29,c14f055c-1158-4dea-b315-9f72e292e553,bvizeae@sina.com.cn,1
179.21,a4d0900c-cd8c-4bce-b2a5-32bc57f1ae48,mgreiswoodgf@ebay.com,1
28.33,ffe4754e-3bc3-46ba-9a1a-db596a9bc902,awattinhammu@wp.com,0
64.2,4b325660-563e-49c7-923c-2e5e8fcc675a,aspark2m@shop-pro.jp,1
59.51,2ca1576b-ffd1-47a6-836c-74227b01031c,cyakubov54@cafepress.com,1
167.73,9902218d-7617-4425-9f39-251f2fd4b286,ffairbankor@berkeley.edu,1
125.51,5ab8f0ba-cfc7-41fe-8ac2-e6ba8f098240,ebrummellld@addthis.com,1
248.78,2b54b43c-5912-4460-83bc-b8305f54fa4c,bseelps@abc.net.au,0
168.34,9e0dd689-24bd-48dd-a87a-cd1a9f5944d3,apeschke64@facebook.com,1
191.8,d1eca5ea-5da6-47f1-9922-bcb34d7dcb61,atrouchera8@odnoklassniki.ru,0
188,370f51de-27ff-4023-94b0-238ee3986b37,lharradence7q@wisc.edu,1
35.38,25edd624-0be7-43b2-9f49-34c2fad801fe,thebblehl@msn.com,1
135.57,0a47b1cd-c765-40e0-9402-ce6322641723,lconnechie2w@indiegogo.com,0
148.57,b78ca874-c12a-467f-9b5a-4f2d8f040102,rsimmsot@xinhuanet.com,1
65.18,5ab8f0ba-cfc7-41fe-8ac2-e6ba8f098240,jlaphorna@stanford.edu,0
131.81,9902218d-7617-4425-9f39-251f2fd4b286,bbriteeku@businessinsider.com,0
72.22,2b54b43c-5912-4460-83bc-b8305f54fa4c,wstorkes6p@ezinearticles.com,0
27.87,3c55cd23-fe6c-43fa-8846-0df6fab8b674,gkobsch46@go.com,0
166.01,c14f055c-1158-4dea-b315-9f72e292e553,aclandillon3g@hp.com,1
131.43,f7f7d549-692c-452b-91ec-54b538122c5d,bbrockingib@oakley.com,1
246.34,d1eca5ea-5da6-47f1-9922-bcb34d7dcb61,pliddingtondn@com.com,0
204.01,8998b4fa-0829-4ded-9171-3e698a586a2f,progerson6g@imgur.com,0
80.59,8998b4fa-0829-4ded-9171-3e698a586a2f,awatmoughh8@cbsnews.com,0
176.25,c190481d-87b9-4fbd-b21a-2c47ec1f7c15,pliddingtondn@com.com,0
56.74,9902218d-7617-4425-9f39-251f2fd4b286,mbirbeckiv@blogger.com,1
92.81,c190481d-87b9-4fbd-b21a-2c47ec1f7c15,dwinward97@opera.com,1
41.45,c190481d-87b9-4fbd-b21a-2c47ec1f7c15,bvizeae@sina.com.cn,0
130.75,ba6e6977-8a31-4ae5-9215-892c86408b8c,hdicksqf@chron.com,1
118.17,370f51de-27ff-4023-94b0-238ee3986b37,kpadlyqn@feedburner.com,0
123.94,6b342fc2-965f-44c1-b7fe-535f0a9ff99c,fsherwood30@webmd.com,0
106.27,681acacf-eae0-42e6-9003-3fb53407200c,dcordsey@slashdot.org,1
199.49,2ca1576b-ffd1-47a6-836c-74227b01031c,rtollerton36@desdev.cn,0
150.04,d1eca5ea-5da6-47f1-9922-bcb34d7dcb61,dvandrielko@alibaba.com,0
171.41,5ab8f0ba-cfc7-41fe-8ac2-e6ba8f098240,gbortolussiab@opensource.org,0
176.52,321fa0b1-ff06-4c11-9bb2-92fda3449f9d,scrankshaw43@moonfruit.com,1
220.17,a8c85ab9-0298-49db-b893-f0089bf63cca,gconcannonk9@about.com,0
229.57,655f6f48-5a84-41e6-a6e2-ea0214ea5af3,bmaccardoa@about.me,0
117.53,3c55cd23-fe6c-43fa-8846-0df6fab8b674,mfuke24@sourceforge.net,1
23.55,cdac42a4-bba6-4827-a68f-9206b0ff3bc8,aanespief5@webs.com,1
195.91,c190481d-87b9-4fbd-b21a-2c47ec1f7c15,npeaker6k@dmoz.org,1
152.4,9902218d-7617-4425-9f39-251f2fd4b286,rlowdhamoj@pbs.org,1
215.56,702171b8-b547-4e1f-988e-9847a30a48ea,tcarrpd@lycos.com,1
104.09,56869ea5-6c9d-467a-a148-b10f12ecccb5,abirchallm5@adobe.com,0
69.66,e9fb7f62-e3b6-4478-af43-afe57270e563,jskeggr@dailymotion.com,0
107.83,aa9f8fac-8bcb-463d-9539-7cc9198fb240,eknowlerhy@webnode.com,1
184.19,370f51de-27ff-4023-94b0-238ee3986b37,estanyforthbm@archive.org,0
152.6,f7f7d549-692c-452b-91ec-54b538122c5d,clentkz@unc.edu,0
74.91,3240b479-c41e-455c-93e4-2dbb91f2eee9,bsorrell6b@weibo.com,0
43.81,ffe4754e-3bc3-46ba-9a1a-db596a9bc902,tcuffinq1@google.fr,0
160.02,f7f7d549-692c-452b-91ec-54b538122c5d,dlamkinda@java.com,0
81.16,9e0dd689-24bd-48dd-a87a-cd1a9f5944d3,pshelliday1d@webs.com,0
241.75,655f6f48-5a84-41e6-a6e2-ea0214ea5af3,rinsworthod@theguardian.com,1
232.43,cdac42a4-bba6-4827-a68f-9206b0ff3bc8,ljusterne@census.gov,0
185.38,56869ea5-6c9d-467a-a148-b10f12ecccb5,rbinfieldi6@photobucket.com,1
232.18,d1eca5ea-5da6-47f1-9922-bcb34d7dcb61,ssherebrookems@go.com,1
99.89,ba6e6977-8a31-4ae5-9215-892c86408b8c,bbrockingib@oakley.com,0
26.21,c190481d-87b9-4fbd-b21a-2c47ec1f7c15,rcrippen2u@yale.edu,0
27.28,5ab8f0ba-cfc7-41fe-8ac2-e6ba8f098240,adavenhall5r@slate.com,1
33.18,b7d451e4-11e3-4a1f-b669-3b6eed2fc37b,trobertsson1t@acquirethisname.com,1
24.89,9902218d-7617-4425-9f39-251f2fd4b286,bpenkmanm4@geocities.com,1
109.16,d1eca5ea-5da6-47f1-9922-bcb34d7dcb61,mmccrachendb@apple.com,1
46.74,8467f192-1ca0-4508-95d9-58127f7a0325,rweildish7j@instagram.com,0
76.77,321fa0b1-ff06-4c11-9bb2-92fda3449f9d,tgreatorexmk@joomla.org,0
144.46,56869ea5-6c9d-467a-a148-b10f12ecccb5,lodlina2@google.com.br,1
54.35,f0e3a24a-d2a1-4a9b-b30d-d5aa1898631c,opidgeoncb@time.com,0
184.5,f7f7d549-692c-452b-91ec-54b538122c5d,kgilhool6n@macromedia.com,1
215.69,aa9f8fac-8bcb-463d-9539-7cc9198fb240,wwidmoreri@netvibes.com,0
203.96,655f6f48-5a84-41e6-a6e2-ea0214ea5af3,atremblot2e@kickstarter.com,1
95.92,f0e3a24a-d2a1-4a9b-b30d-d5aa1898631c,teldridgem1@freewebs.com,1
154.54,655f6f48-5a84-41e6-a6e2-ea0214ea5af3,osmalridgeja@patch.com,1
94.08,cdac42a4-bba6-4827-a68f-9206b0ff3bc8,tballayit@baidu.com,1
212.89,6b342fc2-965f-44c1-b7fe-535f0a9ff99c,vfardellqe@newyorker.com,0
81.69,a8c85ab9-0298-49db-b893-f0089bf63cca,swyssdu@twitter.com,0
104.27,0a47b1cd-c765-40e0-9402-ce6322641723,ddohmsee@sun.com,0
22.42,0a47b1cd-c765-40e0-9402-ce6322641723,fburtwistle7u@liveinternet.ru,0
56.05,702171b8-b547-4e1f-988e-9847a30a48ea,nhornbucklejm@wisc.edu,1
75.12,ffe4754e-3bc3-46ba-9a1a-db596a9bc902,dbernardeau8@ifeng.com,1
154.88,c14f055c-1158-4dea-b315-9f72e292e553,bproshkj@artisteer.com,0
147.45,a4d0900c-cd8c-4bce-b2a5-32bc57f1ae48,bcassar88@ustream.tv,0
31.88,655f6f48-5a84-41e6-a6e2-ea0214ea5af3,nbaakece@csmonitor.com,1
99.3,452b7d7e-1960-48ac-9b1b-7b4562154d29,sgrigoryevbd@abc.net.au,0
118.77,a8c85ab9-0298-49db-b893-f0089bf63cca,bburchettbg@noaa.gov,0
84.44,2ca1576b-ffd1-47a6-836c-74227b01031c,mfauguel5f@nasa.gov,0
128.38,30fbe666-6921-405c-91f2-2f79c9d93dbf,skenningleyeb@barnesandnoble.com,1
14.83,3246a76d-7713-4fbc-aaf4-2f1646b5bc04,iskittlefp@feedburner.com,1
114.6,0912b3bd-ece8-4d38-adbe-6b51e7ab6fc8,ahardakerao@amazon.co.jp,0
184.34,321fa0b1-ff06-4c11-9bb2-92fda3449f9d,gdanielouq6@devhub.com,0
37.98,cdac42a4-bba6-4827-a68f-9206b0ff3bc8,cdeftymo@twitpic.com,0
147.68,370f51de-27ff-4023-94b0-238ee3986b37,iyoskowitzkf@bloomberg.com,0
162.26,f0e3a24a-d2a1-4a9b-b30d-d5aa1898631c,gklimkobs@ebay.com,0
220.09,7051cfe9-fa37-4891-a9cf-416951ef4889,istreader27@comsenz.com,0
129.29,30dd10ec-8a0a-4569-b767-9952491c220d,gemburey5t@jalbum.net,1
217.93,5ab8f0ba-cfc7-41fe-8ac2-e6ba8f098240,cprantlp0@blogspot.com,0
171.08,4b325660-563e-49c7-923c-2e5e8fcc675a,ffairbankor@berkeley.edu,0
215.99,9902218d-7617-4425-9f39-251f2fd4b286,cbuttrey3b@people.com.cn,1
180.47,30dd10ec-8a0a-4569-b767-9952491c220d,jlaphorna@stanford.edu,1
66.4,8998b4fa-0829-4ded-9171-3e698a586a2f,qburelc0@cocolog-nifty.com,0
56.16,56869ea5-6c9d-467a-a148-b10f12ecccb5,ccaslettdx@zimbio.com,0
159.09,25edd624-0be7-43b2-9f49-34c2fad801fe,ycosgrove6r@cdbaby.com,1
15.98,ec4532f7-d0bb-4958-b0ee-28039fc02701,bmaccardoa@about.me,1
143.76,d1eca5ea-5da6-47f1-9922-bcb34d7dcb61,dglenisterk5@phoca.cz,1
149.43,9902218d-7617-4425-9f39-251f2fd4b286,rbickc9@sitemeter.com,0
187.83,8467f192-1ca0-4508-95d9-58127f7a0325,uaxup1p@mlb.com,0
86.22,c14f055c-1158-4dea-b315-9f72e292e553,bspurett40@squidoo.com,1
122.97,ec4532f7-d0bb-4958-b0ee-28039fc02701,athowm@mashable.com,1
28.56,681acacf-eae0-42e6-9003-3fb53407200c,btanser1w@archive.org,1
25.72,f337a02f-e038-4084-85be-12a640e1b1cc,afrise2h@prlog.org,1
137.18,2efb48c1-a994-4500-b5fd-7d3ba2f4a74d,jnorvalg2@reverbnation.com,1
102.72,9e0dd689-24bd-48dd-a87a-cd1a9f5944d3,dokellehern4@ocn.ne.jp,1
174.85,2efb48c1-a994-4500-b5fd-7d3ba2f4a74d,darentscs@mayoclinic.com,0
168.96,b7d451e4-11e3-4a1f-b669-3b6eed2fc37b,acasinimf@about.me,1
160.92,afd9ec4a-7c54-4b07-8107-778454060685,lruprichjr@histats.com,1
145.94,7051cfe9-fa37-4891-a9cf-416951ef4889,ggebhardby@ucsd.edu,0
41.47,ffe4754e-3bc3-46ba-9a1a-db596a9bc902,fwoolesls@de.vu,1
97.73,0a47b1cd-c765-40e0-9402-ce6322641723,nmayspn@google.co.jp,0
11.72,cdac42a4-bba6-4827-a68f-9206b0ff3bc8,theddyhe@skyrock.com,0
40.04,4b325660-563e-49c7-923c-2e5e8fcc675a,ksmalesqj@umn.edu,0
32.46,cdac42a4-bba6-4827-a68f-9206b0ff3bc8,cwinthrop73@scientificamerican.com,0
95.21,8998b4fa-0829-4ded-9171-3e698a586a2f,lhovarde0@tinyurl.com,1
209.29,25edd624-0be7-43b2-9f49-34c2fad801fe,cwhiley4p@squarespace.com,1
86.85,d2b46f77-eeb2-4ffe-9b52-6a0d54bf08a2,wbeangeo3@wikispaces.com,1
152.77,8998b4fa-0829-4ded-9171-3e698a586a2f,kgrunnellqa@cmu.edu,0
81.64,d2b46f77-eeb2-4ffe-9b52-6a0d54bf08a2,asprouleip@baidu.com,1
75.11,a8c85ab9-0298-49db-b893-f0089bf63cca,ericardotho@naver.com,1
20.58,4b325660-563e-49c7-923c-2e5e8fcc675a,dathy84@wiley.com,1
124.05,5ab8f0ba-cfc7-41fe-8ac2-e6ba8f098240,gvineyea@macromedia.com,1
233.91,655f6f48-5a84-41e6-a6e2-ea0214ea5af3,kthorntondewhirsto0@ox.ac.uk,1
166.02,c190481d-87b9-4fbd-b21a-2c47ec1f7c15,ddumbrall2r@ocn.ne.jp,0
115.22,30dd10ec-8a0a-4569-b767-9952491c220d,mantonazzioo@weibo.com,0
245.33,cdac42a4-bba6-4827-a68f-9206b0ff3bc8,dgoggin9s@smh.com.au,1
122.81,b78ca874-c12a-467f-9b5a-4f2d8f040102,cjerrandz@ning.com,0
192.36,a4d0900c-cd8c-4bce-b2a5-32bc57f1ae48,reidlerc5@mysql.com,0
141.18,0912b3bd-ece8-4d38-adbe-6b51e7ab6fc8,qswinbournehd@ucsd.edu,1
51.06,af021c41-adb2-48c1-8e8f-a47d305d7bcf,cflinders5o@patch.com,1
153.67,ffe4754e-3bc3-46ba-9a1a-db596a9bc902,rtameay@weather.com,1
244.19,3c55cd23-fe6c-43fa-8846-0df6fab8b674,fhayward6w@netvibes.com,1
239.58,d2b46f77-eeb2-4ffe-9b52-6a0d54bf08a2,mbothen6c@cdbaby.com,1
171.11,0912b3bd-ece8-4d38-adbe-6b51e7ab6fc8,barkcollcn@last.fm,0
38.12,321fa0b1-ff06-4c11-9bb2-92fda3449f9d,jbarrasse6l@independent.co.uk,1
161.2,452b7d7e-1960-48ac-9b1b-7b4562154d29,ggeorgerc2@marriott.com,0
152.55,30dd10ec-8a0a-4569-b767-9952491c220d,sjacquesr0@washington.edu,1
101.05,3246a76d-7713-4fbc-aaf4-2f1646b5bc04,xdulieu4b@t.co,0
71.76,3240b479-c41e-455c-93e4-2dbb91f2eee9,bjenkscy@ask.com,1
97.43,e9fb7f62-e3b6-4478-af43-afe57270e563,sdalglish7k@nsw.gov.au,0
151.64,5ab8f0ba-cfc7-41fe-8ac2-e6ba8f098240,ifarnindp@rambler.ru,0
182.85,f0e3a24a-d2a1-4a9b-b30d-d5aa1898631c,jghirigori1q@wsj.com,1
79.81,0a47b1cd-c765-40e0-9402-ce6322641723,qeyckel9r@ustream.tv,1
185.46,370f51de-27ff-4023-94b0-238ee3986b37,laps3p@amazonaws.com,0
68.01,cdac42a4-bba6-4827-a68f-9206b0ff3bc8,gbrownliefl@narod.ru,1
61.26,e9fb7f62-e3b6-4478-af43-afe57270e563,sficklingkv@1und1.de,0
25.17,0a47b1cd-c765-40e0-9402-ce6322641723,frolingsonam@indiatimes.com,1
94.69,655f6f48-5a84-41e6-a6e2-ea0214ea5af3,ltonbridge9e@businessinsider.com,0
105.44,681acacf-eae0-42e6-9003-3fb53407200c,ntrelevenj4@pen.io,1
135.41,3cd6a7e0-f3c4-4bf1-b37b-06590484dea7,ctimoney26@phpbb.com,0
52.74,370f51de-27ff-4023-94b0-238ee3986b37,tellissenog@usda.gov,0
161.24,370f51de-27ff-4023-94b0-238ee3986b37,cministerhz@squarespace.com,1
16.99,18635946-5aab-4063-9931-de2a197e9288,mfuke24@sourceforge.net,0
124.49,2b54b43c-5912-4460-83bc-b8305f54fa4c,wbeangeo3@wikispaces.com,0
67.69,655f6f48-5a84-41e6-a6e2-ea0214ea5af3,tculvey8i@example.com,0
44.55,61004f5a-1686-4bfa-8cf9-7f896463f114,hgoned@umn.edu,1
133.92,ec4532f7-d0bb-4958-b0ee-28039fc02701,mprozescky37@ning.com,1
243.59,25edd624-0be7-43b2-9f49-34c2fad801fe,aanespief5@webs.com,1
128.96,ec4532f7-d0bb-4958-b0ee-28039fc02701,sdacresij@creativecommons.org,1
217.65,655f6f48-5a84-41e6-a6e2-ea0214ea5af3,ggatmanjy@godaddy.com,1
141.93,30fbe666-6921-405c-91f2-2f79c9d93dbf,kdavieslr@accuweather.com,0
224.39,c14f055c-1158-4dea-b315-9f72e292e553,rdowerfj@craigslist.org,0
100.31,f7f7d549-692c-452b-91ec-54b538122c5d,jspargo3u@sbwire.com,1
100.68,2efb48c1-a994-4500-b5fd-7d3ba2f4a74d,dballefant2z@spotify.com,0
125.21,afd9ec4a-7c54-4b07-8107-778454060685,rcanland6q@apache.org,1
39.44,af021c41-adb2-48c1-8e8f-a47d305d7bcf,lreuterj8@census.gov,0
167.82,f7f7d549-692c-452b-91ec-54b538122c5d,vtunniclissedc@bigcartel.com,0
188.17,c190481d-87b9-4fbd-b21a-2c47ec1f7c15,rcanland6q@apache.org,0
58.89,f337a02f-e038-4084-85be-12a640e1b1cc,rmcewanm7@fastcompany.com,0
130.86,3246a76d-7713-4fbc-aaf4-2f1646b5bc04,mmccaughangv@edublogs.org,0
232.59,c190481d-87b9-4fbd-b21a-2c47ec1f7c15,scragellc3@comsenz.com,1
37.23,8998b4fa-0829-4ded-9171-3e698a586a2f,rcallow8t@bizjournals.com,1
32.12,56869ea5-6c9d-467a-a148-b10f12ecccb5,kplayhilljt@163.com,1
188.94,30fbe666-6921-405c-91f2-2f79c9d93dbf,rfeareyfq@prlog.org,0
85.48,f337a02f-e038-4084-85be-12a640e1b1cc,mlarter8j@comcast.net,0
50.15,655f6f48-5a84-41e6-a6e2-ea0214ea5af3,epoleq5@msu.edu,1
75.57,b78ca874-c12a-467f-9b5a-4f2d8f040102,dlevisoncu@netscape.com,0
23.93,4b325660-563e-49c7-923c-2e5e8fcc675a,tbalmerrr@mysql.com,1
68.82,655f6f48-5a84-41e6-a6e2-ea0214ea5af3,dlayburnl4@e-recht24.de,0
66.26,e9fb7f62-e3b6-4478-af43-afe57270e563,rbickc9@sitemeter.com,1
121.26,ec4532f7-d0bb-4958-b0ee-28039fc02701,jderycotnp@washingtonpost.com,0
80.95,b78ca874-c12a-467f-9b5a-4f2d8f040102,eruckerthv@pagesperso-orange.fr,1
28.41,4b325660-563e-49c7-923c-2e5e8fcc675a,jfothergilla7@comsenz.com,0
239.42,0912b3bd-ece8-4d38-adbe-6b51e7ab6fc8,eknowlerhy@webnode.com,1
84.23,aa9f8fac-8bcb-463d-9539-7cc9198fb240,gklimkobs@ebay.com,1
72.47,56869ea5-6c9d-467a-a148-b10f12ecccb5,cgeharkeq7@freewebs.com,1
217.16,5ab8f0ba-cfc7-41fe-8ac2-e6ba8f098240,glaitkh@fastcompany.com,0
151.4,37425339-2106-433c-bcee-5b52801343a8,mtunypo@microsoft.com,0
147.2,702171b8-b547-4e1f-988e-9847a30a48ea,ggatmanjy@godaddy.com,0
149.97,aa9f8fac-8bcb-463d-9539-7cc9198fb240,tberrg@statcounter.com,0
196.98,afd9ec4a-7c54-4b07-8107-778454060685,mmicklewright9m@purevolume.com,1
79.86,681acacf-eae0-42e6-9003-3fb53407200c,smothn8@cnbc.com,0
50.38,321fa0b1-ff06-4c11-9bb2-92fda3449f9d,sderrington8n@ucoz.ru,1
232.43,4b325660-563e-49c7-923c-2e5e8fcc675a,eknowlerhy@webnode.com,1
51.37,3240b479-c41e-455c-93e4-2dbb91f2eee9,mmccrachendb@apple.com,1
112.28,8467f192-1ca0-4508-95d9-58127f7a0325,jfothergilla7@comsenz.com,1
74.68,30dd10ec-8a0a-4569-b767-9952491c220d,wleap9i@hp.com,0
225.09,452b7d7e-1960-48ac-9b1b-7b4562154d29,jchurchinmh@bravesites.com,0
72.39,2efb48c1-a994-4500-b5fd-7d3ba2f4a74d,cnormadellpr@cbslocal.com,0
104.89,edfe7c88-379b-40fe-8b76-5d54f760004b,gcolleck3h@skyrock.com,1
33.43,56869ea5-6c9d-467a-a148-b10f12ecccb5,smothn8@cnbc.com,1
222.36,ba6e6977-8a31-4ae5-9215-892c86408b8c,jgalbraith4@macromedia.com,1
69.1,a4d0900c-cd8c-4bce-b2a5-32bc57f1ae48,mbackennh@globo.com,0
203.38,2b54b43c-5912-4460-83bc-b8305f54fa4c,dmartinez57@dion.ne.jp,1
244.95,0a47b1cd-c765-40e0-9402-ce6322641723,kprobartr2@amazonaws.com,0
114.91,30dd10ec-8a0a-4569-b767-9952491c220d,sjostim@bing.com,0
160.27,4b325660-563e-49c7-923c-2e5e8fcc675a,apeschke64@facebook.com,1
174.15,25edd624-0be7-43b2-9f49-34c2fad801fe,jskeggr@dailymotion.com,0
54.32,ffe4754e-3bc3-46ba-9a1a-db596a9bc902,kcoddingtonqv@princeton.edu,0
240.96,ffe4754e-3bc3-46ba-9a1a-db596a9bc902,kkeysercc@hugedomains.com,0
83.59,f337a02f-e038-4084-85be-12a640e1b1cc,hwarykej@google.com.hk,0
161.53,56869ea5-6c9d-467a-a148-b10f12ecccb5,kthorntondewhirsto0@ox.ac.uk,0
247.82,3246a76d-7713-4fbc-aaf4-2f1646b5bc04,msirmonbf@ovh.net,1
39.96,a4d0900c-cd8c-4bce-b2a5-32bc57f1ae48,dpryke3v@mysql.com,1
14.19,8467f192-1ca0-4508-95d9-58127f7a0325,jpeyee8@admin.ch,1
61.48,56869ea5-6c9d-467a-a148-b10f12ecccb5,btanser1w@archive.org,1
70.25,b78ca874-c12a-467f-9b5a-4f2d8f040102,atrouchera8@odnoklassniki.ru,1
190.94,681acacf-eae0-42e6-9003-3fb53407200c,gscotlandra@twitpic.com,0
242.67,2ca1576b-ffd1-47a6-836c-74227b01031c,hstrangmanf1@dyndns.org,1
174.54,3cd6a7e0-f3c4-4bf1-b37b-06590484dea7,msteninge9@google.fr,0
56,681acacf-eae0-42e6-9003-3fb53407200c,gcolleck3h@skyrock.com,0
230.85,61004f5a-1686-4bfa-8cf9-7f896463f114,bcassar88@ustream.tv,1
164.6,d2b46f77-eeb2-4ffe-9b52-6a0d54bf08a2,rcrippen2u@yale.edu,0
28.02,d2b46f77-eeb2-4ffe-9b52-6a0d54bf08a2,mtunypo@microsoft.com,1
123.12,e9fb7f62-e3b6-4478-af43-afe57270e563,jdabelfo@nasa.gov,1
157.55,d2b46f77-eeb2-4ffe-9b52-6a0d54bf08a2,fwalrondax@bing.com,0
13.97,30fbe666-6921-405c-91f2-2f79c9d93dbf,sdacresij@creativecommons.org,0
160.73,2ca1576b-ffd1-47a6-836c-74227b01031c,istreader27@comsenz.com,0
91.7,f337a02f-e038-4084-85be-12a640e1b1cc,mbirbeckiv@blogger.com,0
192.15,ffe4754e-3bc3-46ba-9a1a-db596a9bc902,epoleq5@msu.edu,1
157.39,370f51de-27ff-4023-94b0-238ee3986b37,bproshkj@artisteer.com,0
215.23,cdac42a4-bba6-4827-a68f-9206b0ff3bc8,hbenzi82@hud.gov,0
50.09,321fa0b1-ff06-4c11-9bb2-92fda3449f9d,rbinfieldi6@photobucket.com,0
10.36,2ca1576b-ffd1-47a6-836c-74227b01031c,aridolfi9j@delicious.com,1
21.09,25edd624-0be7-43b2-9f49-34c2fad801fe,cgrissett9@senate.gov,1
110.38,370f51de-27ff-4023-94b0-238ee3986b37,vphilpotsdz@163.com,1
236.07,3c55cd23-fe6c-43fa-8846-0df6fab8b674,ekleiskk@elpais.com,1
209.79,702171b8-b547-4e1f-988e-9847a30a48ea,xdulieu4b@t.co,0
207.94,9e0dd689-24bd-48dd-a87a-cd1a9f5944d3,askelhornks@china.com.cn,0
23.25,f337a02f-e038-4084-85be-12a640e1b1cc,progerson6g@imgur.com,0
154.55,321fa0b1-ff06-4c11-9bb2-92fda3449f9d,bbrockingib@oakley.com,0
215.49,aa9f8fac-8bcb-463d-9539-7cc9198fb240,gjeannequing9@go.com,1
193.84,681acacf-eae0-42e6-9003-3fb53407200c,kpadlyqn@feedburner.com,1
83.41,edfe7c88-379b-40fe-8b76-5d54f760004b,wwindle4o@trellian.com,1
176.39,3c55cd23-fe6c-43fa-8846-0df6fab8b674,greedied7@yahoo.co.jp,1
18.6,5ab8f0ba-cfc7-41fe-8ac2-e6ba8f098240,mschutterl8@ow.ly,0
47.04,321fa0b1-ff06-4c11-9bb2-92fda3449f9d,lyakubovichft@freewebs.com,1
37.21,9e0dd689-24bd-48dd-a87a-cd1a9f5944d3,ibozwardek@wordpress.org,0
140.08,a4d0900c-cd8c-4bce-b2a5-32bc57f1ae48,aranfielddl@amazon.com,0
84.47,2efb48c1-a994-4500-b5fd-7d3ba2f4a74d,bmossef@mapy.cz,0
112.26,37425339-2106-433c-bcee-5b52801343a8,whawketmy@illinois.edu,1
40.89,370f51de-27ff-4023-94b0-238ee3986b37,jmaclean70@chronoengine.com,0
244.21,f7f7d549-692c-452b-91ec-54b538122c5d,esevillerj@engadget.com,1
83.66,18635946-5aab-4063-9931-de2a197e9288,htrenholme4z@hostgator.com,0
120.47,0912b3bd-ece8-4d38-adbe-6b51e7ab6fc8,sbavindv@mit.edu,0
235.07,f337a02f-e038-4084-85be-12a640e1b1cc,fdawidsohnmv@auda.org.au,0